,x
0,1.122121700369604
1,3.1840126728161664
2,0.4962522937794347
3,0.4684549594026066
4,9.698466196683945
5,1.4251687266914246
6,2.1956375796443126
7,0.40303874836354225
8,1.2013998662431504
9,0.300153358218779
10,0.5388375612729988
11,0.7179392373674887
12,2.9878997184017067
13,8.555265362732406
14,1.0125438507116655
15,8.509815069324809
16,0.7705740003502228
17,2.0411076284451894
18,0.40333602894537535
19,0.8355561578299557
20,2.710735878120488
21,2.399149780807278
22,0.12046797170609125
23,1.6215025397789304
24,3.655892039516189
25,1.2472436249242946
26,2.4406696485206965
27,0.006918342768358343
28,0.9616749750864528
29,0.25258535192494946
30,0.49840417954033
31,1.1040629593581457
32,0.30572073375174114
33,2.8279391749177307
34,9.321411297819196
35,0.5730163938333135
36,0.7844770215862695
37,1.6493906752587577
38,25.884102299983
39,4.864266956714388
40,3.3222423891842254
41,12.242992576345038
42,4.190267478001076
43,0.7504252525401398
44,1.4663323904356673
45,13.29120101405903
46,0.43393871031230447
47,1.261594655197058
48,4.037525466842638
49,1.9690584399882312
50,0.6615171267945925
51,0.5274028975004512
52,0.32153140375993416
53,1.9097941530158096
54,2.8037905365765994
55,2.4645980183906033
56,2.4738569788578104
57,1.2801799781775287
58,1.58654147878525
59,0.34528520946969365
60,0.0896421774590408
61,1.5591608885867743
62,2.8508348931953265
63,1.1238184252080714
64,4.019389292369709
65,0.4766395593239281
66,1.0078360408174944
67,1.2567084293617938
68,2.373178539279394
69,0.9957879490788457
70,1.1832690959786305
71,5.223548858253594
72,0.3116677473474283
73,6.644044600847607
74,1.0526465088263421
75,21.7941595375122
76,0.5255108949997407
77,0.1957764319174089
78,1.610045533656205
79,5.125997568726049
80,0.40343799655977364
81,1.0688843398805545
82,2.403327202291422
83,2.1780570242827366
84,18.70137420305491
85,1.290534960346065
86,0.9007705476238357
87,5.945935322847916
88,0.7165777907299002
89,3.496938876250823
90,2.4146508627922856
91,7.913649807509081
92,8.4924617691644
93,3.270667514722959
94,0.5055898317441461
95,1.0557641048173707
96,2.3551958768900647
97,2.6009013170031494
98,3.7550189869213852
99,5.393844237252324
100,1.6009235405624338
101,1.1256809784842403
102,0.14635720377776806
103,5.055447690017388
104,1.2392730068813194
105,4.332980371190843
106,0.0798986346159154
107,0.5913766185116174
108,12.715869012733702
109,0.9239871365359136
110,0.16384024919614149
111,1.4927721016136388
112,18.130854958310923
113,0.5832526902219684
114,23.414036134058716
115,4.87033599821018
116,7.095402372056299
117,1.0685592297292885
118,1.6116725501341307
119,10.082573017076804
120,28.222951347564155
121,1.0023410966496726
122,3.3514506639932335
123,0.35622365915730825
124,0.5173623902458075
125,3.767307733212945
126,1.8469135830616494
127,8.31241519804076
128,1.1572352140613305
129,3.6281020916841413
130,2.192017873244424
131,5.055604965264195
132,0.30046500177274993
133,0.43394365962029724
134,4.827649621913196
135,0.190992676626081
136,0.11015635503571275
137,9.032290256644345
138,2.0016081432334545
139,10.392974754565586
140,0.9222894769901586
141,11.12144681491689
142,0.6137035821138852
143,0.95897961004286
144,7.468276401987808
145,0.09514112799195118
146,5.4416499212680804
147,0.2360341401872006
148,1.658089990003134
149,0.5444343836634289
150,3.5598125914030447
151,2.6930539104818934
152,8.895970279724153
153,3.4352182485851017
154,0.294510902665877
155,7.330256076965519
156,0.8706236943065164
157,1.1290695826006925
158,0.30591928561131
159,1.5690439938106522
160,4.673311401438383
161,0.301588258934089
162,3.7869253911189844
163,0.5582422469462927
164,3.3204951205895696
165,0.6871506304595982
166,0.342291462749472
167,1.1510379940027349
168,1.3379825007942827
169,3.5303774956217353
170,3.6017198641965393
171,0.044957658693590474
172,8.062562547047214
173,3.019586814425395
174,1.269268215177334
175,1.3924719309096076
176,0.5451604188683064
177,0.06837784474487307
178,1.5785525661423208
179,0.2069325552992609
180,2.416262754238403
181,2.782367981901899
182,1.316360545147944
183,2.9052737474913783
184,0.21231612771453
185,2.776893047978632
186,5.831852814785151
187,4.319502736589854
188,0.4048091675145997
189,0.9620475147615366
190,0.36474853611508706
191,0.020087611405301686
192,5.768319055723566
193,0.09729099498110827
194,1.8360175427054344
195,0.29013367598162176
196,0.18675316160511102
197,0.08237893733337387
198,3.765151856182058
199,15.416810439186754
200,4.305999808966575
201,0.6291058211619429
202,1.2540608914764277
203,0.990715098097354
204,8.886747544668602
205,3.102200212961307
206,1.538079155910168
207,0.5227142942511591
208,1.38504224341915
209,12.497236435270668
210,7.897805756146575
211,0.12264423755721054
212,0.663100060231784
213,1.1637698491382764
214,7.145227395215933
215,2.63755797522046
216,2.085992029720245
217,2.8995859996821025
218,4.233314682309299
219,0.2709011652522122
220,0.4744618394424265
221,3.4230287346913855
222,1.2697572822043526
223,0.6905452033027473
224,1.4219136561359846
225,0.20345261184633046
226,2.3684345303314274
227,0.6754051109602983
228,2.3526368326312195
229,2.0530839946110007
230,6.8569756699862765
231,12.427485662290096
232,1.2453835330366871
233,0.7659937646886874
234,7.904726303938368
235,1.6495984841224924
236,0.9317534083824057
237,0.6854018822516537
238,8.65891567274268
239,0.10133062301679274
240,0.8407283133429928
241,1.4217101694787573
242,6.943102840512303
243,1.7543987256819378
244,1.5010139175040251
245,2.226233013476957
246,1.4809320808049335
247,1.5085041846239449
248,7.530821693881165
249,1.0933904269143113
250,13.657353746618838
251,0.7945644131741005
252,1.6004931263520916
253,2.621065260314765
254,6.45190787887514
255,1.1892839680727718
256,0.7850886017667449
257,0.5398972506736186
258,0.29960051272848887
259,2.3282431531409316
260,1.6696742031791985
261,0.9681226307474446
262,0.005001203546783017
263,0.9190528643082416
264,7.955797339437964
265,7.925586829709694
266,14.986127328625212
267,1.9616847063389287
268,0.7076580502949241
269,0.23502871754533317
270,2.7326357727133654
271,3.114767902411131
272,14.52182368471016
273,2.942776124816646
274,1.8099265354869658
275,0.05632498395618768
276,0.7623734795639052
277,0.8359667731803597
278,5.7816262505579346
279,1.0895480301249734
280,1.4982117197555453
281,11.639911226810494
282,0.17682572982340616
283,1.0811169113631252
284,1.7644054696828562
285,22.418332417562972
286,1.2305712464057876
287,1.2441196042603053
288,8.194106466346177
289,0.04276991760855253
290,2.0088117358036754
291,2.2920672270196576
292,4.736989259832001
293,11.732673903826925
294,3.4698442032060086
295,0.3424067529699073
296,15.180721762820014
297,3.849946584004499
298,9.276349378461788
299,13.06951400881676
300,12.392456111266458
301,0.3214068712941298
302,13.346249970865522
303,1.3994274572268068
304,0.9293324436205239
305,2.351630803560738
306,2.563227308903322
307,3.951777831692425
308,14.54530859592651
309,4.351795347835193
310,0.9897776537494565
311,0.371386186898917
312,0.06909024625571192
313,0.8318173473631987
314,0.6505317712889109
315,9.35002512312687
316,2.5222886567271416
317,0.5983077457759123
318,12.847316188383584
319,0.4867203541342633
320,9.070368227861941
321,8.649621808235054
322,0.9212357619778118
323,27.449639835785483
324,24.983962860275973
325,1.1823909026470005
326,1.571794125645539
327,4.679939752542225
328,4.432834529404559
329,1.3828244597986554
330,3.7419721619099278
331,0.2714501265465401
332,5.43128623161499
333,1.2837238266320128
334,13.306815926250096
335,1.4528958124287783
336,0.4398640821377171
337,1.975200983874231
338,0.6272812553679614
339,2.0248915695517837
340,0.9194346847339716
341,0.6033898709754908
342,0.7934834479269739
343,22.93299051537285
344,18.638208452203642
345,5.691429367660291
346,5.2911389944890175
347,12.292281003735948
348,3.132429473577787
349,4.197804947763302
350,0.7920470417121237
351,1.9603860835913736
352,1.7315731450257772
353,0.03622435860194173
354,0.532241346270439
355,0.9806988393621054
356,0.2855369537111301
357,0.48959568976283663
358,6.916525148580632
359,3.4953632628501623
360,0.6443258676463302
361,1.7608879280599012
362,7.689971346076071
363,2.765088748610509
364,3.501721803760276
365,0.4105128436402765
366,0.8026941425746372
367,0.26890478437559295
368,0.8710102781835758
369,0.1297746372823667
370,0.7620869740149487
371,0.5087112442749344
372,0.8403319126421138
373,10.603377212379495
374,0.13161449734207054
375,0.037395485923354954
376,0.32121039533211615
377,1.132221857524371
378,3.112832622076695
379,1.0547313955007382
380,0.6390724092170785
381,2.4216649687000142
382,4.590224055696581
383,2.197984317016477
384,2.7311630910631663
385,5.793349118070211
386,0.9078453201326511
387,0.46112887728145324
388,0.1339646340076115
389,1.6273425869812002
390,3.7265327183415735
391,1.6221455435217251
392,0.9824887667011524
393,3.5697746148312746
394,2.265920266185276
395,3.4831910029353708
396,12.010974223433035
397,1.6528419120294302
398,10.52885795524518
399,2.028851077507028
400,1.0001486520687308
401,0.9831469506269741
402,0.9839182768544958
403,3.4714049611324356
404,1.6509781987585654
405,4.046519714322329
406,2.164535055722837
407,13.347898999156186
408,2.3616268703913477
409,0.20474355415331047
410,2.2967709683401836
411,3.2206619747742877
412,0.5908223660044314
413,0.7519870828805324
414,1.3588243418869865
415,8.113007775443783
416,0.12227887787821601
417,1.9643724464624484
418,0.46918214856879104
419,0.6325281087574126
420,3.7034055714521372
421,1.3773088467582681
422,0.19801685142397218
423,4.949427249497177
424,0.9598821198573546
425,1.7006965100765683
426,1.8283287969113076
427,9.246052931516616
428,2.441491997624553
429,0.9373280820704508
430,13.1529441247325
431,0.6903997780212876
432,0.025201006092856915
433,1.5597856289929553
434,0.038155550252838566
435,5.1835345037739415
436,21.888929577278816
437,1.4638920397927393
438,0.27325958780994597
439,1.7148717901595205
440,20.202894192138533
441,1.143303015003454
442,23.16977744134918
443,0.1455981501334236
444,0.08090409819294564
445,2.1767803470550575
446,4.179722109774005
447,2.788963059191701
448,0.3278739144924998
449,0.9238690503916018
450,0.5329852171769289
451,6.466352290219682
452,3.048057281619876
453,0.7746665936783756
454,8.062744028693238
455,18.104122076527876
456,0.844615025797566
457,1.181299149905982
458,13.37022041616894
459,1.0775998458215383
460,1.1565875073726488
461,3.462317722662732
462,27.39812004306884
463,17.79103575236897
464,2.1074075708259556
465,10.911771221296075
466,1.0570044515044685
467,25.452051968590318
468,1.7484232507456738
469,0.9560133242525524
470,5.143924406369152
471,1.2101530007668657
472,4.588445931830094
473,5.165753717207139
474,1.1228785436379667
475,1.6931318535936555
476,5.386045461421688
477,0.71232809941597
478,1.0434672777995218
479,0.4292407283946318
480,0.6869265517582903
481,1.4476566694496853
482,2.9311272353001527
483,11.875819683787832
484,4.645249887807722
485,0.7457610567140591
486,0.24462267837782292
487,1.0736347751099515
488,0.4025665246514336
489,9.862155350527985
490,3.2281467162783315
491,26.146518276970824
492,0.875095291183186
493,1.0447282318104953
494,3.753714207389436
495,3.9777691748543873
496,4.1080887600044065
497,3.6271182619871922
498,1.0828706110567339
499,4.508514646555469
500,0.16661959154311035
501,0.516272657644663
502,0.03379684184710641
503,1.7795514508029555
504,0.3519979252341727
505,17.092450890777137
506,2.431323688490579
507,2.483574222409004
508,6.077596893220701
509,6.516136500201654
510,20.868485858266794
511,0.7175486913117766
512,0.5904450090008595
513,23.26597209075323
514,8.16521098522604
515,5.35609864021022
516,10.449802240460805
517,1.7137747000297736
518,4.227738889969231
519,2.5173096908701496
520,2.205867684503545
521,0.7540902503077973
522,0.666356821357283
523,4.577309806081075
524,2.551244518093455
525,3.438391079984086
526,9.000279613363865
527,0.07734674595189972
528,0.788867150646297
529,0.4704502499851628
530,5.6607051496955165
531,0.14471087865894106
532,5.8173936069577366
533,0.4239093241325804
534,0.8929723918267314
535,0.18086557849341034
536,1.0258788958832668
537,0.4872772887513861
538,1.7069765480748629
539,0.16636808626287802
540,2.988969785931374
541,0.887991090634273
542,0.13026200077536032
543,2.8854923716390886
544,6.78297050675004
545,1.7512216900364876
546,0.24076672331659665
547,1.5618681631993923
548,4.729156524368335
549,0.6346196568056826
550,0.5903000457300891
551,13.294142230760567
552,4.830241350722247
553,1.051147694628554
554,1.5836550760752743
555,2.5808029783426605
556,2.590040202630803
557,0.14117347805023428
558,3.3723245883731607
559,3.789627559075882
560,3.6091460089980103
561,4.657044320371142
562,0.04565602304745653
563,6.829832256081019
564,4.344594406913501
565,0.3536895439425507
566,1.0446785117819957
567,0.9214489463515179
568,0.9389482160768807
569,13.045302557585522
570,2.1136865982900304
571,12.684127461636326
572,7.200459323774325
573,1.7749590736217158
574,0.6983446003927725
575,3.4527572221475538
576,3.1365660595646006
577,18.851430330454043
578,23.61417976531242
579,4.096157786237043
580,1.1664505785479378
581,1.716881208908319
582,0.5103377068404598
583,2.3400440886872502
584,15.476151072163438
585,2.703607462911748
586,2.533054466883698
587,0.5694822502809984
588,2.443577074996597
589,1.2262310422355824
590,0.1452626973621136
591,6.093203357058528
592,0.1413703374005877
593,2.6383643872065647
594,5.4076480460640255
595,0.9044291909772824
596,1.2081432231915414
597,3.2534252108804225
598,0.2726139237724965
599,3.6468055668645576
600,0.012591069387269727
601,0.2238142210831029
602,1.1841656596591577
603,0.5885760276832457
604,1.3718380283582405
605,2.235226374964185
606,0.9457529446958688
607,25.555673394277957
608,3.1811648643823958
609,2.189712572709851
610,3.921374273724112
611,0.6900935376825714
612,5.761834349710014
613,27.676317154370242
614,0.019312358600245716
615,0.9584178692581133
616,1.2916450193561673
617,0.1288829813860275
618,0.04029033505503321
619,2.039214682762463
620,3.091016905053806
621,10.028122656104316
622,3.6337615628058586
623,1.39364838738382
624,1.2267828482433174
625,4.116486496597673
626,1.5599839781239382
627,1.9230407174255504
628,2.0689623594224145
629,0.14838836506237385
630,17.143543524443615
631,0.9183144608933844
632,1.2695698555064325
633,2.985361759647674
634,0.16007581719793507
635,1.697425578249124
636,2.16182300551867
637,4.255540712284173
638,9.27676033576418
639,1.5492304956729015
640,0.5237027282532836
641,1.7798878761361436
642,4.964967124151684
643,1.3969450948151803
644,1.8798500957718431
645,2.3562177780227955
646,1.8125448889211384
647,17.32054728839321
648,2.947366600424715
649,0.024350778442624232
650,13.345820068341105
651,0.7247210411447895
652,3.600518320723765
653,0.05411817254912421
654,1.2152007590010783
655,21.722912739423528
656,1.062676896196507
657,1.640442480713176
658,0.7897014701856051
659,0.21477271752081606
660,2.118404707987935
661,0.8530071030419322
662,5.008743665696983
663,14.470992210123182
664,0.5038112208968073
665,2.923352343197564
666,4.281432095548368
667,3.8067060518737748
668,0.3407814616851397
669,4.817816148123825
670,0.3569240397442286
671,19.28161506480903
672,3.754810878367209
673,3.579455508163022
674,2.0045337754343677
675,1.4449105586321593
676,14.494035551244398
677,6.433426786639281
678,3.779610574666947
679,0.785989460695987
680,5.247389835972854
681,0.8554391612286736
682,0.36398704622990863
683,1.0418398684205386
684,13.744144604312794
685,0.953633313306085
686,17.7024984142704
687,2.418468392796086
688,5.891412589132827
689,3.352441979859151
690,2.8443642972688963
691,0.6184197282155992
692,2.130733031618405
693,2.0473914211705733
694,7.420501687253754
695,0.26425417562768416
696,3.183859077198804
697,3.738209316796727
698,0.0067554917040411055
699,0.1716444267932502
700,0.24341673071489822
701,2.6261725998927545
702,5.628834153557918
703,7.377578106828786
704,4.658648375670708
705,5.356650891527508
706,3.058284967575446
707,1.66792214661956
708,0.35217162762694443
709,1.5167770976904933
710,2.9454416377554935
711,0.7771730036133135
712,0.2134757903691593
713,0.3802268111683702
714,4.340480286173474
715,1.0473563726217492
716,9.532641364209148
717,2.35707621217378
718,0.4245466173998125
719,2.4952585055479233
720,0.9687129124216938
721,11.524833660045857
722,0.5390789382660159
723,0.7171852865559458
724,5.872059447383464
725,9.207223678220622
726,1.0296720473586163
727,0.6734533704097885
728,1.892005558163305
729,0.32039576951353865
730,2.0587455187774992
731,7.48558953854441
732,0.4087068556228246
733,11.393356266263421
734,2.8487258839267326
735,1.1075385424546766
736,2.403888299302764
737,0.432667038244972
738,1.804990598942112
739,3.351918975916277
740,2.4344374878938595
741,2.967983547039097
742,16.637021236545202
743,1.7024762300187604
744,27.383089160591215
745,0.2146269508262435
746,0.35493395235943126
747,8.448761209104042
748,2.6420337751399643
749,1.3978581755592927
750,0.37713550217489455
751,3.3102882712422854
752,0.04125429962306271
753,3.54042729699934
754,1.0029143703835075
755,0.49939495630525244
756,0.19584866694515313
757,6.718187597755673
758,0.11821351828734805
759,0.08646735918387094
760,0.5889489910454131
761,7.486699372673868
762,1.429659036198558
763,8.306520235194263
764,0.6289328685996907
765,7.820290368970163
766,0.1313715686454202
767,3.183533239423838
768,1.4110923763675771
769,0.014888822369925947
770,3.027736600304152
771,0.42562069920239765
772,3.2363609198001484
773,2.3167918092409536
774,6.681679881677169
775,0.5549356452709162
776,2.16440142536203
777,0.1797680988962611
778,2.9773352385154226
779,12.243987709751792
780,14.355747999617915
781,14.803324742544287
782,9.940877630993306
783,2.4053360723600576
784,6.306177366708404
785,0.7593834163728275
786,2.4760692166885008
787,20.703166728878394
788,21.785950862435303
789,1.371597145377109
790,0.48157645656721115
791,1.0367323945712883
792,0.2589290985916364
793,4.035505870857463
794,2.1244471995262018
795,7.18591327832803
796,3.438263133894594
797,21.750821992993586
798,0.45210513107463157
799,4.889686974374158
800,0.6691419276948523
801,3.5768262103810997
802,1.1925617829900546
803,28.191726449135974
804,1.1238273338628062
805,0.6023571704478741
806,16.322727129256407
807,0.012519855682285197
808,0.32328956379490137
809,15.923720675719764
810,0.07582055476018468
811,3.813794073560615
812,0.5979061244982518
813,8.282034253834375
814,4.167990029417808
815,1.7669404441643906
816,8.047541376971573
817,0.36481968520968167
818,0.11235810941838054
819,1.3738040841509473
820,2.5431807884552597
821,2.2934681046081096
822,0.8133556263538253
823,2.3340283341964323
824,2.3361823582525574
825,6.954663909948913
826,2.222852112449516
827,5.861247580126772
828,6.674318853144982
829,0.6603945196073369
830,2.839396936034433
831,4.330049570974467
832,5.320728532359055
833,7.193494505534204
834,5.046584270581832
835,1.4032463782322395
836,15.278368745019371
837,2.5534913419219265
838,10.572254306469539
839,5.104751312797617
840,3.70713125577268
841,0.789743806662841
842,5.400327456568249
843,1.7237532201260706
844,1.2100161143359003
845,3.613763841547481
846,1.2488688324957309
847,3.3190309540094205
848,1.10533012709746
849,14.218226428099872
850,0.25129852515715356
851,5.719667603061552
852,3.3179901718015117
853,13.751666389596714
854,0.40504430635706967
855,2.754742208990052
856,3.0252158861161007
857,8.348924454476418
858,0.23453851548663351
859,1.1087584321929569
860,0.47832133273641375
861,1.8547823579428098
862,0.4282997685172063
863,15.085527284627567
864,3.5588823625719357
865,9.52532199058593
866,3.083813998525258
867,5.507333056663384
868,1.684607847178853
869,1.8070315578067095
870,0.21103485745078387
871,1.4757355943039272
872,1.2886387907644234
873,0.3648264401402912
874,2.28021722540592
875,4.484255795992269
876,1.5675746036031057
877,12.052382654476972
878,0.027397539512605817
879,0.061610242076312716
880,7.774535915654454
881,8.255607042818681
882,0.9847294807938738
883,10.641491260579116
884,5.230148489010801
885,2.8314514651378886
886,0.17859731382020527
887,1.8268025694776497
888,14.026748965936356
889,2.2999527566218205
890,2.2690469947995098
891,0.8990795713747843
892,4.399837979208058
893,9.315877736543385
894,3.348750648840081
895,3.3926698535488953
896,2.197195062782896
897,2.4103333089622936
898,1.8469245710315079
899,4.146592129279284
900,0.6150306443269073
901,0.5034859458495475
902,4.571833070653
903,5.4395835669471495
904,6.0136689266447405
905,0.10388075099024263
906,2.9631101353944587
907,0.16866358004318727
908,12.757963787752427
909,11.83067973862384
910,2.0978367685099784
911,1.8048201136009823
912,0.836985546130677
913,0.48293604345468566
914,0.5363186063448211
915,1.5760376770416258
916,1.1550470293647663
917,1.4399260533083975
918,1.7491239882278649
919,1.645084522614809
920,2.39379068290296
921,1.6831547291421316
922,14.791052935828514
923,4.833788986313579
924,2.005125831041312
925,4.558565473834108
926,11.173521366551004
927,0.05557396601096798
928,2.9877487229585995
929,1.6735015924166703
930,6.6107590709449084
931,0.798060434571596
932,0.3714983607993645
933,3.048522534533447
934,1.0367657616614565
935,1.8127641841464595
936,5.760128523481626
937,1.1873673379975571
938,2.6373577748891535
939,1.2040696038584144
940,0.18404333634953218
941,0.052447699818969795
942,0.3814961097215246
943,1.5587269235752217
944,20.049687208629123
945,0.3544602468831499
946,1.6702576731449028
947,0.3682350028030328
948,1.9501337917225499
949,0.0014846435133790692
950,1.3623712601774969
951,3.378121999470409
952,1.607583098232567
953,1.0903765647406374
954,1.674428708786479
955,0.11518771692641394
956,4.747663578216319
957,3.7212888466506513
958,6.319136483822589
959,0.07478749231290749
960,0.3245609787268222
961,0.008775230856826965
962,2.9727161274643095
963,5.760771513322808
964,0.5472844992953014
965,3.715101971926927
966,1.7493788829409311
967,8.875725142711694
968,29.362403911274534
969,2.864366336100062
970,0.07768815446348754
971,0.6929007639931797
972,3.1864712723577497
973,1.0029665316051535
974,10.853471098141604
975,0.6287645069533596
976,3.8620188284718324
977,4.364957749035597
978,1.0583675597307831
979,1.0676537669926347
980,1.612964512280655
981,1.790946148205876
982,2.7992328996586195
983,2.5076617308417326
984,0.1397591414344106
985,0.5494363117257421
986,4.048929910317469
987,6.094434203108918
988,2.393781082679567
989,2.386953062236074
990,1.7836083145276689
991,1.7820141018801507
992,1.1335133470074652
993,2.411436739619262
994,0.962740670172451
995,6.572521350272844
996,0.0450876309644741
997,1.6630370708786302
998,0.8856536904214636
999,5.253994862123719
1000,11.697514884002931
1001,6.09082929306264
1002,0.41286463794540396
1003,0.5576757185671113
1004,2.97465856805934
1005,0.16343976219746992
1006,10.629783105868182
1007,3.1875430197343775
1008,14.087599648858724
1009,1.6634058942885304
1010,0.8949170071146
1011,3.618242523207954
1012,4.740328905152609
1013,1.7226780585733081
1014,11.115659127635109
1015,1.855269665050173
1016,0.9812746247121424
1017,0.7618113971021216
1018,1.9473678662922111
1019,0.6331248310748379
1020,0.3985716556983334
1021,0.06719014735716655
1022,0.7014421728442812
1023,1.662722170614245
1024,1.8978178349000245
1025,16.45561919810428
1026,4.511998997559175
1027,0.7074467683146963
1028,9.984573798965151
1029,3.3576667316556694
1030,0.6901627828011101
1031,17.257258297899195
1032,16.694317787626726
1033,1.3949020518969064
1034,0.1528323336266908
1035,1.164566308262465
1036,2.644345780215872
1037,0.14948068420693517
1038,0.42402744076377985
1039,2.296264837451446
1040,0.3699192449574298
1041,1.648219830277469
1042,2.8522060274416106
1043,11.728791688201824
1044,3.733265936018398
1045,1.4246050455381578
1046,1.2370036628497871
1047,0.3488238660041816
1048,6.2687495999513985
1049,0.17118170969575885
1050,0.6146557537020954
1051,1.4597717373976309
1052,8.628515873038765
1053,0.7614892344374766
1054,0.9730579165577353
1055,3.9818605168272825
1056,0.9086759731481493
1057,0.38172176042331785
1058,1.640619607591475
1059,3.487186593826138
1060,4.3564613442649005
1061,5.513744483929543
1062,0.34040106588236085
1063,0.1832362310559006
1064,3.9239248224650822
1065,0.7179746469144561
1066,3.7578553965602026
1067,5.033725049446957
1068,7.207550889268141
1069,1.5844881215356281
1070,15.088690554618665
1071,4.497189022104308
1072,2.7646519443370607
1073,0.14464867130436687
1074,17.96785505243661
1075,0.8218541799545278
1076,3.3468090030360287
1077,1.5308452227282885
1078,0.8840039049675852
1079,3.507629012810213
1080,3.1190797024654557
1081,0.3782830731138347
1082,5.8525102809102805
1083,1.656478508598525
1084,4.442259710388697
1085,0.8396890124075753
1086,2.2180357365486714
1087,7.390973003398642
1088,0.3630666589210705
1089,0.6377064426724814
1090,2.2867240081257876
1091,2.669016975347148
1092,0.3976699245848181
1093,0.34561124630056383
1094,0.5099256653011253
1095,0.05113419070477221
1096,4.882998354950956
1097,3.4248250850361046
1098,2.4605534529838167
1099,2.6464066616460684
1100,0.9035059281760596
1101,0.1725615821879387
1102,0.7450016652401814
1103,2.1104697146172953
1104,8.834642804794612
1105,0.9658712789613446
1106,1.2266671048561477
1107,0.7716684339106337
1108,2.017917284373766
1109,2.8411313661493693
1110,0.7114739434109083
1111,2.8049011158758503
1112,7.395219437810667
1113,3.8745946511327247
1114,0.6475679366240001
1115,0.5186623902950487
1116,1.788942459527334
1117,1.2377808380594502
1118,14.525891313422743
1119,3.1132708343385502
1120,6.624981584813263
1121,0.45150387508368794
1122,0.10031005590741415
1123,4.815462358729448
1124,11.965548790518405
1125,1.0738205774528637
1126,0.5156293393510509
1127,0.4217322913282828
1128,3.550983667073737
1129,4.746475087373128
1130,28.292678045670066
1131,1.1798492873314785
1132,0.5784644963915753
1133,0.046343767214295895
1134,0.3880828801324583
1135,0.1289482247268552
1136,2.220971005472677
1137,14.175342764410683
1138,0.5403394853785244
1139,4.9231672774659785
1140,6.062178192745733
1141,3.2092132962373228
1142,1.149079255123894
1143,1.614016414121778
1144,2.063876425467555
1145,18.562020930805453
1146,0.29997205751567435
1147,1.8301808816769949
1148,0.4936382211270143
1149,12.757098335178139
1150,1.4360926586162464
1151,0.0076912236804105305
1152,1.3475264538355134
1153,1.5401907755240245
1154,0.3027190680328431
1155,22.963257853506796
1156,23.305658117246765
1157,1.167591260056298
1158,0.1799294353197638
1159,6.241806100088816
1160,3.230031078803904
1161,0.3310868247688745
1162,1.108189797429901
1163,1.4436727238594358
1164,1.6605865154480455
1165,1.4429140921757835
1166,2.9825385727557716
1167,3.066245463950665
1168,1.0457707049187945
1169,0.6750820325714812
1170,0.1445576258807364
1171,3.4066973732564634
1172,12.097917607754123
1173,1.008342069683465
1174,1.7999329730580769
1175,0.38448704511910137
1176,0.42425007687410243
1177,5.852402124275287
1178,22.51316810174028
1179,5.471416548046349
1180,2.452045288937768
1181,7.779995142789296
1182,5.368684125976145
1183,1.0359719694713476
1184,8.49560267415604
1185,0.7398179122965303
1186,1.6093087551650456
1187,0.9424645222780441
1188,1.9960387894354028
1189,1.5610781452538731
1190,19.134548853877334
1191,1.0098582285308169
1192,3.47358646599632
1193,0.5522102354891558
1194,0.2895661401383336
1195,1.066132519936616
1196,2.0531593494642095
1197,0.9271609210848055
1198,1.1792629871177098
1199,0.6292567899105279
1200,1.2907597543202485
1201,2.324173059831139
1202,3.3856059656257145
1203,12.353284695327712
1204,1.2015312240116316
1205,1.1408246162098692
1206,1.5933355560146367
1207,5.213900526447546
1208,5.366970083479416
1209,1.4934387419554298
1210,18.892511892033177
1211,3.6343144138702
1212,5.907795184118598
1213,4.416109802236576
1214,2.9429872575679212
1215,0.4835217017582636
1216,13.204268753652926
1217,0.6124194353961911
1218,0.27049595500398027
1219,0.2502465049227567
1220,3.9975667217738646
1221,1.791142937867022
1222,0.4676865244830992
1223,1.4714329654434266
1224,0.34952884068053436
1225,2.4666956874245045
1226,0.6291833350993556
1227,1.7340833405154399
1228,2.249708701892871
1229,2.6359229206141492
1230,2.339212983160138
1231,1.652893064092865
1232,0.8767675908010233
1233,3.5729819955511317
1234,0.10541396745833254
1235,1.0500194502593558
1236,0.5339824088396199
1237,27.65415474492997
1238,1.7184575036327203
1239,0.8021398696304232
1240,5.419186487861907
1241,1.2184151556722327
1242,1.7855755212147812
1243,9.859981104179525
1244,0.6000486481307803
1245,7.378104648267154
1246,1.7020605448686013
1247,0.32972561811584455
1248,4.82516724138533
1249,4.0327034673517375
1250,0.793142357517695
1251,9.039717260636912
1252,4.824276442053176
1253,2.1094372631603164
1254,0.05492120069095563
1255,6.034077094396764
1256,7.576099159633991
1257,1.1070136093742349
1258,0.17268096047217796
1259,4.685330909513127
1260,0.5975415333348906
1261,0.08329877812974473
1262,2.646857502877964
1263,0.13514730965931676
1264,23.523141145347573
1265,21.56295349852163
1266,1.2914921821489145
1267,29.23604671914256
1268,2.003372457193052
1269,0.928574048748942
1270,2.0355237982808205
1271,4.805362995307888
1272,0.17134791904919666
1273,10.158953908678583
1274,1.5923881853870796
1275,1.7914686300688913
1276,0.9118348369227078
1277,1.1563746461358733
1278,0.7599602204949747
1279,0.8893754213137868
1280,0.7591613802514985
1281,0.566575617067997
1282,0.7680763205993344
1283,2.091293756321022
1284,1.918741923937148
1285,0.2149119150782326
1286,0.16629468033659123
1287,2.0136993489931285
1288,6.260966869261409
1289,0.1640006277085604
1290,0.5163833275897787
1291,4.251779445384528
1292,1.5376949391986443
1293,4.6963038887883926
1294,0.2313676546443162
1295,1.2438858745055086
1296,19.170385175693802
1297,0.36699846558462923
1298,4.222642006766122
1299,0.7151451168635958
1300,1.6058044514120127
1301,9.972341511694523
1302,1.0733518040914305
1303,0.745525948850343
1304,2.035504833524527
1305,3.416691636127382
1306,10.004154396902415
1307,3.360881318662834
1308,3.2155002887959085
1309,17.02917819096144
1310,2.871842668727595
1311,4.763372370852338
1312,0.32184665564938086
1313,0.12830745964419066
1314,1.3387024879085914
1315,2.0568277649872186
1316,0.3065058054743872
1317,4.608963496416877
1318,2.624215387072752
1319,1.0628297825240338
1320,0.050971613622664336
1321,0.8047135412126636
1322,0.15235673114636938
1323,0.626158629966028
1324,0.15555620602401632
1325,1.302358495415433
1326,20.327810709128293
1327,5.466521352083333
1328,5.229854110990331
1329,12.170383019077043
1330,1.562954777259904
1331,20.31535845532577
1332,1.7289159658170377
1333,8.92842873010018
1334,0.3765038545142261
1335,0.9284822914044639
1336,0.8340035113761246
1337,7.702593262141832
1338,0.8189768881543387
1339,4.7043234414087465
1340,4.348243332624136
1341,1.7845805468485594
1342,0.22290655605701204
1343,0.2835101162680189
1344,1.958046247886557
1345,4.528983113693343
1346,20.003104384644185
1347,3.437630036595067
1348,0.3141266313943447
1349,2.1331967674044847
1350,0.4308957699892062
1351,1.6641192427096314
1352,0.04550004082045689
1353,0.5552772450530483
1354,0.8994825470502974
1355,0.18921668333189245
1356,0.4409321665107768
1357,1.6385925078495234
1358,1.7020167680650786
1359,2.7017393031684094
1360,4.358304250459881
1361,0.8690183851943516
1362,22.03401327184823
1363,0.7570681076542769
1364,9.879488376418522
1365,2.0172628374347426
1366,7.347550691225081
1367,7.879052015285197
1368,1.8276349107534315
1369,6.241981839658145
1370,0.36237596424513185
1371,0.0477780058481585
1372,1.8996027257820458
1373,0.02418931106240052
1374,1.0954419996794797
1375,2.1946645638545874
1376,1.1061267924271476
1377,0.37443696530209536
1378,1.7008211702577398
1379,3.4665278953407324
1380,9.149193184500845
1381,12.405240509632375
1382,1.9322514541078135
1383,2.984764658306574
1384,1.3613296167931992
1385,5.9577749400840645
1386,0.0519864302169708
1387,2.111470840253787
1388,0.2697203388377716
1389,5.52815306834934
1390,28.985129566060785
1391,1.6946256392436112
1392,0.18545624929384985
1393,0.13206930370648706
1394,6.5868252184194915
1395,1.371382041347232
1396,2.272179024289642
1397,9.464282871254532
1398,5.5789673598753495
1399,4.281852232958514
1400,2.3782308068652185
1401,0.7328713438531054
1402,0.7240350891308367
1403,0.1567433749029874
1404,4.063706467206259
1405,0.20471145468292207
1406,4.991732981564965
1407,10.16101801846036
1408,0.9746610247688352
1409,7.465068254653829
1410,14.18675926265638
1411,10.872931427288854
1412,1.5534929550487107
1413,0.7147947713350504
1414,3.6255563412052254
1415,5.4804652809537515
1416,2.1089229504873117
1417,1.5708561209755487
1418,26.768492539290666
1419,0.7213862526604089
1420,0.14960857721962384
1421,15.84451657946824
1422,1.8503231260902737
1423,0.31368167295249805
1424,11.456186240574276
1425,1.0361486037984946
1426,1.2554011618605045
1427,0.7054790338227122
1428,1.1189763453916441
1429,6.913836242422455
1430,1.662426135271403
1431,2.790083866733795
1432,6.477431098713758
1433,4.715766197675933
1434,26.280206300860716
1435,0.9560529552277899
1436,0.01747474326526799
1437,0.5265776818568497
1438,0.756023187434721
1439,2.4149151149071315
1440,0.9021920371615693
1441,1.9378143134900938
1442,0.4342807632237964
1443,1.663357360797562
1444,3.098385526138415
1445,1.6398456874397311
1446,1.9065487731600683
1447,3.318097515172454
1448,0.11798474000994474
1449,0.022656072376719294
1450,0.10693775941456352
1451,0.1727639060465549
1452,7.078532980271142
1453,0.7901537572349184
1454,1.0986079482584614
1455,0.34672743949141704
1456,0.5521502596919845
1457,1.593932213489495
1458,1.3714850370687088
1459,0.7814827880474695
1460,0.2662049279358598
1461,7.3949364399130175
1462,2.174209792209183
1463,2.063429926531768
1464,0.9615719172414288
1465,1.1929486195273853
1466,2.477416881562988
1467,1.6301146399715094
1468,0.8900113518455441
1469,2.5537542256852817
1470,2.5932017655369464
1471,0.734543327213089
1472,0.9349903389289125
1473,0.5612756503182936
1474,1.81056002097651
1475,2.262856123510403
1476,1.0932781364458037
1477,12.809705555011863
1478,1.1813747672754857
1479,0.16282502668639154
1480,0.7971146904470743
1481,0.007518207160501333
1482,0.7213923554074313
1483,24.01121008059119
1484,1.5117538943354702
1485,15.19240690246621
1486,1.2058866678409856
1487,0.296456935710637
1488,2.5077532429190796
1489,0.8582090273790186
1490,3.399620951586172
1491,2.0552863894611164
1492,1.075139833192651
1493,0.13905614205128813
1494,0.009153343831314942
1495,1.1469151681883432
1496,1.4234628711778896
1497,20.96042302282507
1498,0.5379949971151632
1499,0.40136952909062984
1500,4.221846290287516
1501,3.6000224939657954
1502,18.660347749734484
1503,0.3782727576212892
1504,24.637574067118507
1505,2.0908678998548
1506,1.2507305976835426
1507,3.2262809939756494
1508,1.0120874396182273
1509,5.1025806440592305
1510,0.5928360646331043
1511,3.5196343878946834
1512,0.44223438554860195
1513,7.542657212024245
1514,1.6536179500335493
1515,10.268392745364224
1516,1.6864497661690336
1517,0.32176285280559114
1518,0.9071969949031882
1519,4.249259231040298
1520,2.838334079345856
1521,4.237629008196748
1522,4.500695249514962
1523,0.8101858170004448
1524,2.8637016108281443
1525,7.2190375895512275
1526,2.6817810348237288
1527,10.107675286789032
1528,0.5042072475785631
1529,0.5796284195306498
1530,1.9083314188660552
1531,7.726425031767981
1532,0.6643765817336771
1533,2.003176376717846
1534,1.1824873148294728
1535,0.8937464288871979
1536,1.248593263257618
1537,0.42796600243610783
1538,0.4371841611618379
1539,11.08617580464417
1540,10.001838453389944
1541,10.13142025118401
1542,1.2464540143449767
1543,8.696238845503423
1544,12.556824601212895
1545,0.747221502992943
1546,2.3327930987422008
1547,0.8599268740135244
1548,0.33828750248852657
1549,0.3510681383594374
1550,2.900572414138111
1551,5.166229286978762
1552,0.7671027602130494
1553,7.625566099533081
1554,3.8383751196412135
1555,0.0794291717776332
1556,4.809596153079212
1557,27.7620572877549
1558,0.06892768902713442
1559,0.20478704712002127
1560,5.458880106746832
1561,0.3653000804187059
1562,1.6920056179954486
1563,0.8176335400539756
1564,0.10896801720019766
1565,0.088308312104175
1566,0.49939639214301224
1567,3.7503078719754512
1568,2.1065958817011676
1569,2.7943308789205332
1570,1.0208633635591582
1571,4.501561629013793
1572,4.30117582532219
1573,2.600533457633759
1574,2.304048276741611
1575,4.645206317302197
1576,13.20714105163125
1577,0.9066475642489422
1578,3.5980680647254673
1579,2.8918186117839753
1580,1.4086473063020435
1581,1.8264567880636946
1582,1.0020792953330897
1583,0.04387845244781374
1584,0.0999337069411581
1585,15.55374548964685
1586,18.72158951618231
1587,3.1485638945435284
1588,5.2634074594355695
1589,19.586958726589913
1590,8.179756373649063
1591,1.0840007312759496
1592,22.932875608105714
1593,14.372836720285424
1594,5.9373137150017214
1595,20.815639095069564
1596,13.717041698533759
1597,1.427709123701959
1598,0.8356684389189013
1599,3.1775794693662505
1600,1.7604372405045297
1601,1.0660414133224378
1602,2.8110493584526637
1603,23.159321864665767
1604,2.2539828114281875
1605,10.277845974748288
1606,6.671558298346092
1607,0.47109765316207586
1608,5.765868877030002
1609,2.7117447674347375
1610,0.44071718694408446
1611,5.445292232495248
1612,1.2417025921477602
1613,3.651479443190226
1614,3.688812089100395
1615,1.015972280487233
1616,0.27256464243998835
1617,2.9493637891156084
1618,8.881074979315073
1619,10.707290491758386
1620,0.42482496192070585
1621,0.8389990220463801
1622,0.5477444416611092
1623,0.34143856492602254
1624,1.1823396293773953
1625,1.0912876779114242
1626,0.3234451371677096
1627,1.6183578897538382
1628,3.5188984077592806
1629,0.20034411669837482
1630,1.4518146403611638
1631,1.180812024157035
1632,0.2217600984239425
1633,2.225828152097421
1634,0.8888719531481684
1635,4.363457858764278
1636,1.2306533849882157
1637,0.3722313291630712
1638,0.6864341309708379
1639,2.21548651508985
1640,0.8722501815494184
1641,0.3823941408434166
1642,2.0605535575845124
1643,2.4557161190449506
1644,1.7894058025840707
1645,3.102844433064135
1646,1.2111308341610538
1647,3.7448012463013356
1648,1.1135161734735277
1649,1.2421182291184607
1650,0.2333462656970937
1651,0.37497610877301213
1652,0.6973712113639294
1653,3.237168593921055
1654,1.0636387934910658
1655,9.749873739951674
1656,22.252455439942516
1657,0.08331940544178451
1658,0.411584917605353
1659,2.6312123799398535
1660,13.603929466381821
1661,10.808840958805128
1662,5.281179767356434
1663,5.160047001071092
1664,0.5875709591740019
1665,1.7521165166609762
1666,0.1153270630711063
1667,0.04418627302493405
1668,1.0320477506244004
1669,0.9239449091633105
1670,2.847205517679157
1671,6.283460914418221
1672,12.023911811405096
1673,13.927404036228332
1674,3.2002145005421454
1675,1.6371958018307566
1676,6.269334314422153
1677,2.2101348094451225
1678,1.3525230384598501
1679,2.3978947376783992
1680,0.14933324777933876
1681,0.7389882903621015
1682,0.16449342413704926
1683,1.3757231263606116
1684,1.4976388379464822
1685,1.4974352145761713
1686,1.685309224661495
1687,0.6712644133556296
1688,0.5870319942907258
1689,0.7043542295118073
1690,1.0664542915588981
1691,4.862533618264649
1692,0.10527287951350672
1693,0.5571954878883503
1694,0.13447758857364533
1695,0.8474168047940793
1696,0.22381112396243452
1697,1.4088722566807803
1698,1.5075591772933024
1699,0.21719879467764258
1700,0.6077620019792676
1701,27.180211798728273
1702,4.793560650325929
1703,0.874460115994566
1704,1.5725928765654373
1705,1.3818355724112337
1706,2.595561062432097
1707,11.18153492451086
1708,2.7639259111662113
1709,1.8942561229988542
1710,1.1948149921115885
1711,0.5335779891066181
1712,0.9528535358993224
1713,3.922482005195036
1714,2.5848335467401284
1715,0.301384500319557
1716,1.6438817648082988
1717,11.676253257132814
1718,3.183867769024829
1719,3.582341341531489
1720,0.251783654842086
1721,0.17073174686350967
1722,0.4605997128767285
1723,1.789475249482848
1724,2.8178463160179206
1725,1.2740702163394815
1726,8.354008887160823
1727,1.0241880406108521
1728,0.6135980947249777
1729,4.616230663948599
1730,2.9818980709067944
1731,1.1764949643175555
1732,10.34283201134118
1733,0.25753289160820714
1734,0.37393654469894955
1735,4.43400027787429
1736,0.37153972726838447
1737,7.437213371631394
1738,0.451918186093053
1739,0.058836155068661355
1740,7.283310769359105
1741,3.020173814197662
1742,2.3371654312435908
1743,5.439023635703009
1744,0.454442274244343
1745,0.3934414574069365
1746,0.5519760591895988
1747,22.122711092426023
1748,12.462914191533649
1749,5.806903460603337
1750,1.1728211164135303
1751,0.28370137209941504
1752,1.145379189748212
1753,0.4001134989225079
1754,19.42641066165394
1755,1.1469828495696959
1756,5.1430128664526364
1757,5.318501515962183
1758,12.467808224392474
1759,0.2798027487552872
1760,1.0655835692372762
1761,3.0293983350929636
1762,0.07407752433488213
1763,5.772343362312327
1764,0.09073202923423196
1765,6.407146126552455
1766,1.2299462366349871
1767,3.9830305625777385
1768,0.5799020172535734
1769,2.0052507967147903
1770,4.068800041704151
1771,1.1060804208596835
1772,4.137143695856864
1773,2.1961020872669508
1774,0.6233779317237804
1775,2.083346736823387
1776,2.1776222567520733
1777,1.2593752775493101
1778,5.185880769476796
1779,0.2125852969389257
1780,11.734561006254069
1781,28.440330044202558
1782,7.809611158966199
1783,1.6790237028379522
1784,2.787587400694008
1785,1.6284476370810808
1786,1.7448279156373303
1787,1.734341144179524
1788,5.932971937648006
1789,2.9797624820007798
1790,28.498875723691185
1791,0.9569666962987355
1792,2.12206271314534
1793,3.3896479671375346
1794,0.29699166098470187
1795,9.620768407796483
1796,0.9630514617697372
1797,0.9053961665775887
1798,5.408319472579407
1799,0.4991804734870584
1800,1.9870062610878847
1801,9.8583684473857
1802,9.649456685206715
1803,3.253886873775315
1804,0.8564740377983071
1805,5.027181674112342
1806,3.7532065768688625
1807,2.9613281647835663
1808,2.324964519722812
1809,23.223702825300194
1810,2.8993830660756714
1811,1.3484596336287211
1812,1.821374766691548
1813,4.041520526922341
1814,6.215140705381529
1815,4.866452502972933
1816,2.441192156377781
1817,6.553465272602978
1818,1.0971300578405874
1819,12.942625877557631
1820,0.3220477964389943
1821,0.5256422116707995
1822,1.1625243964546712
1823,0.9494113230545622
1824,1.467999574389438
1825,0.03829223223738154
1826,0.3222695701003886
1827,9.025318129644539
1828,9.199517439805753
1829,0.6579702720387672
1830,0.6905415748767609
1831,14.583549319279818
1832,2.541438252469277
1833,4.053562356270035
1834,4.244112215143119
1835,3.083854739388869
1836,8.429440606964043
1837,0.6965752182146048
1838,0.5840125152025735
1839,5.265114196717022
1840,0.5610337769176112
1841,1.2857224926298159
1842,0.5385548230048016
1843,1.0116662320407954
1844,13.343852273132363
1845,1.5924605244602787
1846,4.640357104228713
1847,3.4349045295324174
1848,3.4673441432192504
1849,2.7732656048715683
1850,3.4869844588535557
1851,2.9099110104859562
1852,0.10395270345276231
1853,4.699089527604983
1854,0.6391648694041692
1855,4.281726716472036
1856,0.7519472331968586
1857,13.686650785120804
1858,3.639956266184285
1859,0.4934595724508313
1860,0.5493570565269579
1861,0.05842063097463779
1862,8.391267869111978
1863,3.0733265629471305
1864,1.0498979066402683
1865,11.260629899353571
1866,0.37952460176649083
1867,0.19653023001450265
1868,0.8941702657143082
1869,17.680982115478088
1870,4.113054478516375
1871,2.074807188303879
1872,2.403754842042332
1873,1.202616075201803
1874,7.581783241416652
1875,1.0880162503642339
1876,4.91226654608937
1877,0.2054105398785282
1878,3.771401954190196
1879,3.947550988471903
1880,10.774635959119657
1881,0.4450600331267083
1882,7.324913324570716
1883,4.700224090250828
1884,2.4025679835339986
1885,0.4016342601670999
1886,2.3597425470089775
1887,1.913178938463858
1888,0.5183868168647336
1889,0.6517732723863219
1890,7.256345658016812
1891,1.856807470862151
1892,2.5897587680799745
1893,2.4098404432173197
1894,1.0522436137351576
1895,8.375645621748056
1896,1.1490691497474756
1897,1.0050941699224722
1898,5.382157597325929
1899,4.2521464616978335
1900,1.125106630728311
1901,1.1236633525359991
1902,1.7689913421774008
1903,0.5001408826120155
1904,9.92215514692154
1905,0.2507291867287904
1906,2.880521241857366
1907,0.2832325108752798
1908,2.8973460748044317
1909,6.649265456059972
1910,1.7857174315513475
1911,1.1071936908472821
1912,0.3757009843156993
1913,1.1285641481699429
1914,22.571021477116602
1915,1.5988705017985012
1916,5.698055680240316
1917,0.1802817595664692
1918,0.8553525051856923
1919,20.383965633326756
1920,0.3259778828435742
1921,4.846924157091138
1922,3.4784564695929134
1923,6.380782318468235
1924,0.5210183508671093
1925,1.1089296633495849
1926,4.214598926196288
1927,9.744471937690726
1928,1.1187321912823336
1929,0.06304132346537017
1930,0.7028077293767296
1931,4.355735499648944
1932,2.3131535742459164
1933,0.6882395498145115
1934,1.0823032347320805
1935,3.5386447530559053
1936,1.0897913849855172
1937,5.487956853942961
1938,0.043386203661441414
1939,1.0617092134115182
1940,2.261370341608597
1941,0.10715136869146136
1942,7.740265768948156
1943,1.3200287944400202
1944,0.35904364240701625
1945,2.5109175540124795
1946,0.8748246476994268
1947,1.7038163109857578
1948,1.4422637465426078
1949,0.5511640749108437
1950,1.5956175139250774
1951,16.510073492499238
1952,0.8770320474303048
1953,2.516755097450357
1954,19.144730692217312
1955,0.26417235036427655
1956,0.5297253974370051
1957,0.9449220052621286
1958,6.485006002733165
1959,0.1851690444254359
1960,1.1253818978401
1961,4.457752360986348
1962,5.520325157831664
1963,2.9007445142045185
1964,6.179429280550707
1965,0.2603995832896544
1966,1.413073113599694
1967,27.528621055559473
1968,15.521130061718054
1969,3.224847832393465
1970,3.6650666213235326
1971,1.8644775172198536
1972,2.729957830458119
1973,9.048967466302194
1974,16.485589115126963
1975,1.2668664414933346
1976,0.5396890639678418
1977,2.241113895920904
1978,1.5549916710238847
1979,5.175732668809928
1980,0.07481826639161682
1981,3.2086899521045353
1982,3.286593377714894
1983,0.25892681486067204
1984,0.008096585294140368
1985,1.2631225632919438
1986,0.7685686987982763
1987,2.0495091649263486
1988,4.220380728254369
1989,0.47329729258535735
1990,0.939006148676981
1991,2.400177310722853
1992,0.6869345787310976
1993,1.996427530536323
1994,1.4786705742802724
1995,3.372226994586626
1996,22.23937402315811
1997,3.2304866494555
1998,0.12147853483475046
1999,1.8752663587400775
2000,7.923936675020968
2001,4.059120835147837
2002,4.32155106897406
2003,1.1774418303661776
2004,0.7815634148039976
2005,6.611307494108878
2006,15.984860728866327
2007,6.843606366166036
2008,0.14487621185696753
2009,0.6197059600369244
2010,1.0605884559402625
2011,4.644125964805042
2012,0.19411729103785547
2013,5.96373764542264
2014,6.402694166882881
2015,2.7662793343900773
2016,0.5622146310136031
2017,3.4140516662743607
2018,2.0199955264486675
2019,1.9255354220644563
2020,2.9369212083813636
2021,0.6523567853145096
2022,0.5045926786021937
2023,0.8118784210680019
2024,0.5666842058192856
2025,2.705151015868097
2026,0.4995144812869512
2027,3.4875044319162214
2028,2.266581658396092
2029,3.6084841205974385
2030,10.529836072134028
2031,2.5872276333992374
2032,3.3082438066804656
2033,12.65864005263471
2034,1.6418184936792102
2035,1.189001143796645
2036,1.6596141145218155
2037,6.517361029270141
2038,0.5579433512786522
2039,1.728316607363297
2040,0.036927963656694374
2041,1.0397377549427915
2042,0.3179744664984696
2043,2.016030160513509
2044,1.0031069942640727
2045,0.1701993967518547
2046,6.0865504017138505
2047,10.84235482238942
2048,2.4087916273111034
2049,0.6520865720759161
2050,2.3120049311336572
2051,21.96070274904403
2052,3.0964602374917405
2053,1.5799178286763436
2054,17.589666086859403
2055,1.6148947298735834
2056,1.9475855834191975
2057,0.1841505322108219
2058,4.262145574835955
2059,0.14749999897208
2060,0.05089711059048341
2061,0.9487782872122921
2062,1.8779036352945297
2063,6.090031417988001
2064,15.602288448764932
2065,0.10107872681948038
2066,3.2379428434082485
2067,2.115578291042766
2068,10.397599020338966
2069,1.2431521608805554
2070,0.4956821953919075
2071,3.562018069871584
2072,1.7755844153802514
2073,1.7481185999555748
2074,0.5585056236898254
2075,0.8645142947509044
2076,0.045194600234822246
2077,0.4417862450993084
2078,2.8276122899831364
2079,1.12218011990214
2080,0.3038169507726707
2081,3.457886310419312
2082,0.8085998147187183
2083,1.809998660183851
2084,1.6660395707617397
2085,3.6082751124919525
2086,0.5712189694255017
2087,0.18313668673704342
2088,1.3727909470805173
2089,3.7944034907309003
2090,27.27796255186307
2091,6.637087392572809
2092,2.338269445304519
2093,1.6485975535521504
2094,3.947378462330505
2095,4.8782206772737595
2096,0.05925257338475376
2097,0.2761532499969235
2098,0.4586999134819507
2099,2.3103338271732525
2100,0.8608811340952798
2101,2.3569097308921414
2102,0.405956855149725
2103,4.3890069313806634
2104,0.7279480954835549
2105,14.047869549163781
2106,0.15416336752525694
2107,0.5980631973525306
2108,2.28943108081333
2109,4.9249541776402594
2110,0.0924517499712465
2111,9.357401431779046
2112,15.708488069857571
2113,2.562688053989632
2114,1.0882783172069992
2115,0.48167669452686823
2116,27.333930241836555
2117,0.5782250083515237
2118,0.11850803617119254
2119,0.6753380018744224
2120,3.18278841322919
2121,1.0488944782061935
2122,11.349023746470912
2123,16.43399660545238
2124,1.841791088585154
2125,1.387282193364456
2126,4.449488147276355
2127,1.1408566632111956
2128,6.858607981913806
2129,1.3780330190180052
2130,6.391989182541167
2131,0.749408929289757
2132,3.9393650492559544
2133,0.08959704635367416
2134,0.794711719312204
2135,0.4365377729434954
2136,0.6605551908223788
2137,1.6149651681548107
2138,8.183314121567093
2139,7.281767182235384
2140,0.21875581496152563
2141,0.3360490035320254
2142,3.620195061334556
2143,0.20057866238971656
2144,1.1614346142877139
2145,1.0653542794445912
2146,0.2779851510115918
2147,2.4469735906534993
2148,0.5605227444207799
2149,4.375730929537937
2150,3.523620825060192
2151,1.756012088549852
2152,2.9477869778971524
2153,1.1728433602574455
2154,15.96350827051339
2155,2.0880362547919162
2156,1.6378333972093913
2157,0.8914767927424236
2158,8.545409361420184
2159,0.22510974363609648
2160,3.112051612605299
2161,0.20117976609884636
2162,4.784079722048389
2163,0.43705224369477946
2164,1.1894268842013105
2165,1.4269286682145434
2166,1.474624938736838
2167,3.3243362244304677
2168,5.3629627064687355
2169,1.3178156829020509
2170,24.68390254341795
2171,5.970866607156665
2172,17.99398335522553
2173,3.0267225809111693
2174,3.5166279920369163
2175,1.1444561952694983
2176,8.231945046842121
2177,3.385532124285376
2178,1.4488585762577202
2179,0.3410618404707293
2180,6.733069375157832
2181,1.64476694804236
2182,2.911837535104894
2183,0.27649520798036065
2184,4.598367140481841
2185,0.8891917210440283
2186,3.7838451128825596
2187,7.031204303394965
2188,1.223846386637291
2189,0.3918295180604332
2190,3.390612911809299
2191,1.1385216072907838
2192,0.7583770562795848
2193,3.0503961192867592
2194,0.4171901343073614
2195,6.998546765178659
2196,1.402275219629729
2197,5.358942656017561
2198,2.212855728632235
2199,0.11180293503605299
2200,1.7541052743788725
2201,1.8308433466441443
2202,2.073958805613273
2203,1.0152094553646691
2204,0.5134012202557301
2205,4.740098237172532
2206,16.077156900253236
2207,0.009483172998841383
2208,0.6075191689132566
2209,1.6173723137775369
2210,1.3115129985897909
2211,0.14366247065225934
2212,0.5923733169884144
2213,0.6708039006500144
2214,1.7955891956139851
2215,0.8282692434215733
2216,3.8601596003522047
2217,1.0394637830516729
2218,2.427581176571749
2219,2.4699612848946515
2220,8.042792929542934
2221,0.7652750613880812
2222,0.42586218334821524
2223,0.6342179599325846
2224,4.239906186227373
2225,0.37646038172454155
2226,6.643587947817622
2227,8.324198274547733
2228,0.9956047769204588
2229,3.309536331914188
2230,1.0558582649575214
2231,0.4595961522769585
2232,5.238126118874632
2233,1.474944804965844
2234,0.7063171056479973
2235,0.5919794587308616
2236,0.8215776801534389
2237,4.866635364407401
2238,0.7096785043977434
2239,4.527583594425778
2240,9.626900630649935
2241,0.7191777057893773
2242,0.33523651022403556
2243,4.260252072784738
2244,8.92202413469704
2245,0.49550859207573694
2246,0.8172998962839984
2247,0.580812488386357
2248,1.0484133370553081
2249,0.7358254715359749
2250,0.05144342522982015
2251,7.2861376982697195
2252,0.9014460564255273
2253,3.5398450945165933
2254,0.12407213553660768
2255,1.6534734294793907
2256,5.101030117424941
2257,7.354607072053824
2258,1.2247341879892986
2259,0.5924041296678411
2260,1.127016915859258
2261,0.6395871890863987
2262,12.958590542316816
2263,6.3587989842834105
2264,1.071438675354898
2265,1.7171831727562505
2266,2.52304140088296
2267,1.7223006535628542
2268,4.4906044541306045
2269,3.9813825736997046
2270,20.145631284028877
2271,0.5437236800375445
2272,13.759171994106925
2273,3.332748764500053
2274,7.176281368760186
2275,0.9843741080877351
2276,3.4884659139582794
2277,3.0488552316860478
2278,5.15534644847024
2279,0.43029340043392494
2280,0.8196525814284996
2281,0.19088254758491985
2282,0.24106321279271015
2283,0.05935620929051311
2284,11.447134255627539
2285,1.7764848490118652
2286,0.5226820504625493
2287,1.9988627799967276
2288,2.8463112954110272
2289,1.8553281617476216
2290,7.389272969063448
2291,5.098090114967434
2292,0.26633425329674765
2293,4.703842391070765
2294,1.5004834618384848
2295,1.642597334646581
2296,6.502247876440215
2297,4.903318035510608
2298,0.15700076418551134
2299,3.6205288407974336
2300,0.2943686436443045
2301,1.9679884357352933
2302,0.6005404862981436
2303,0.2716836222256802
2304,7.5000220962982596
2305,0.5596160321950379
2306,5.148271270999061
2307,12.585405374135043
2308,5.689300611925702
2309,8.473935680473382
2310,0.8728976222510596
2311,1.8289117349291644
2312,2.8240887813423683
2313,0.4401654296999027
2314,7.649474519527772
2315,0.6171283579722626
2316,12.468159349085354
2317,0.7380896948827171
2318,10.82344380946327
2319,1.0562978606560023
2320,4.312253913908023
2321,7.261200750215622
2322,1.7149565191890304
2323,4.61692724033378
2324,0.46970844289529623
2325,0.05229451169816457
2326,0.9275180244994203
2327,0.6936442900815223
2328,6.152577091688883
2329,5.1283729175210055
2330,7.149547275442082
2331,7.69750822812275
2332,0.7622127050822769
2333,1.3143265534939417
2334,2.1004847483449964
2335,2.5300508192248117
2336,2.9897428536120856
2337,6.160930415140712
2338,0.5164000351502409
2339,4.864017433462905
2340,0.010449309237458237
2341,1.5197674623836122
2342,0.013462874775711953
2343,1.8818855390681222
2344,4.758772166107789
2345,3.2229487406314803
2346,0.4386929070749943
2347,0.605174812857797
2348,2.425789411273769
2349,0.18053885460221863
2350,2.8514077547152112
2351,0.3235069216551665
2352,2.3847527996601627
2353,1.1829732162033224
2354,2.3733431870256823
2355,2.217615475041896
2356,0.3839960770376365
2357,4.595555818905822
2358,0.7322287337981948
2359,2.755808557528951
2360,1.4144913178132583
2361,1.016715993621574
2362,0.5059581641089608
2363,2.2581201626742313
2364,6.011254381421324
2365,2.841987560449553
2366,1.6603474575312873
2367,1.6433839384308726
2368,9.85229854219316
2369,0.6934252663211851
2370,0.44390008364678124
2371,2.3980951025598642
2372,10.368992152999141
2373,0.7366574617519746
2374,0.747631969335032
2375,21.40080262316795
2376,3.6945174482547714
2377,2.2377116953529708
2378,1.9735668209044945
2379,1.0373610501914925
2380,8.823152489110768
2381,1.966148979068862
2382,1.7886870187507782
2383,9.594108773653453
2384,0.24273475724186255
2385,2.7903949987186536
2386,0.42490084104872494
2387,0.2764587865239605
2388,2.1697731919715295
2389,0.892397361488463
2390,18.962873083785468
2391,12.951754603298426
2392,0.56140908161575
2393,0.631633343007536
2394,2.7296947420808806
2395,16.666656758176263
2396,16.09273592469048
2397,2.6414936933482522
2398,1.8041662132490899
2399,0.8968253638021224
2400,4.6288632699763355
2401,0.3651688307606946
2402,3.7712528065753474
2403,6.683655397433171
2404,14.58574518881177
2405,0.9727490432556181
2406,3.492482806343048
2407,2.6420534324336984
2408,2.855856015302635
2409,1.4331993829782732
2410,0.7738231383052607
2411,0.5052936973164037
2412,8.495512763173927
2413,0.2539444414401828
2414,1.1424162654907946
2415,0.5083861780548204
2416,3.25008800034351
2417,15.737948292624957
2418,1.2914183837322923
2419,4.763077152603188
2420,0.8524504194236329
2421,3.3101727525306615
2422,4.884971544243129
2423,7.396266367807449
2424,2.197422709080797
2425,7.731555554916838
2426,2.583910473055255
2427,8.49921289181598
2428,1.3086220944005902
2429,0.6180569024759848
2430,1.7503283384492647
2431,1.1616279705456805
2432,2.3999377123550403
2433,7.90053130031712
2434,2.384125206834227
2435,0.034417784087224845
2436,3.2614740464481002
2437,2.852193126864364
2438,25.427192784872606
2439,1.3889208756410483
2440,1.6422670312341552
2441,3.092514991736607
2442,2.8288051419431497
2443,0.8343200726716304
2444,0.021954418720326885
2445,0.4462323814347542
2446,0.08648158559543617
2447,4.827959111341087
2448,1.5302166381472944
2449,1.7553577783680225
2450,1.2919777556290342
2451,26.129118846720143
2452,4.832245194624548
2453,9.001871422937008
2454,10.514913670197256
2455,0.033024718605133785
2456,5.144722324548937
2457,7.978815264999582
2458,0.5388995683189819
2459,3.684271765072822
2460,0.07122425469293603
2461,1.990422242272757
2462,0.2749547684855429
2463,0.23681729679663022
2464,1.8396711663322378
2465,0.01654148027506608
2466,22.295318387167885
2467,2.7569317732956904
2468,2.595168662970252
2469,0.42530376368324596
2470,5.223025265192234
2471,2.3681678545044917
2472,0.23195131532662572
2473,1.3084463558010953
2474,0.3093492570904459
2475,3.9080221881890935
2476,0.6102963981943503
2477,19.220003298681306
2478,4.270556214183344
2479,0.7235113230649404
2480,6.3766702935845245
2481,3.355106607898392
2482,7.551888559731189
2483,3.0809793042559193
2484,0.6471760212137383
2485,1.0255463043576754
2486,0.5185938367803828
2487,2.7959686852916548
2488,8.014390246107212
2489,18.195110519956135
2490,0.5654628512781414
2491,10.14412884606432
2492,22.97201998487484
2493,0.7414280969838956
2494,3.6716618451804948
2495,3.1282142316786263
2496,0.9116511222536587
2497,0.5166725541840833
2498,3.7234319894052277
2499,26.95311046722216
2500,17.47277704219505
2501,2.902788085793617
2502,0.8796731074829154
2503,0.9182927779838224
2504,0.5101299985707897
2505,9.73606387565264
2506,6.013624468413326
2507,2.09181541353135
2508,0.05439174584353168
2509,4.570727660759644
2510,3.409410727554132
2511,2.7602908248280755
2512,0.16440710484096144
2513,0.8361575370844321
2514,3.8393611833551233
2515,9.00339839953196
2516,5.585219908508108
2517,0.23613093473636582
2518,0.08797875875978889
2519,3.9718989310164403
2520,4.0299578009885835
2521,10.523695044331117
2522,0.594405312910169
2523,3.2433252887295083
2524,9.291648491730975
2525,3.997021242437455
2526,0.5923749219090837
2527,2.0035416398355608
2528,1.0630691972758655
2529,0.9528370269057689
2530,2.7107378205175223
2531,9.08979774761012
2532,0.26549639372234424
2533,6.628332902650818
2534,19.958526348160422
2535,1.4556589548094223
2536,0.5976438685571566
2537,0.2893506313767489
2538,2.2947627154252643
2539,1.7913133530523737
2540,0.6337409122044733
2541,2.4789049301569435
2542,0.28749261516492197
2543,3.8659917040249496
2544,0.3067563641598099
2545,2.2945000812268006
2546,0.45020917976108876
2547,0.7936566801001845
2548,0.7230619925037445
2549,0.250788838069127
2550,14.088744494688804
2551,0.22859204865642369
2552,3.013668765168717
2553,0.30925758323508035
2554,0.6920767550251412
2555,7.685680374531721
2556,2.8582299577674064
2557,17.90562488459004
2558,7.6279478466510255
2559,2.5189609074658392
2560,2.4944173470523765
2561,1.6790868630002649
2562,0.9506964753695399
2563,6.0646551641972195
2564,4.1497936438449585
2565,0.9281727255572036
2566,2.0553645413827724
2567,8.273080192303752
2568,0.9804819878750948
2569,22.80904335429385
2570,1.0362402151076822
2571,9.125446201650284
2572,0.1665042552427849
2573,8.030421847524103
2574,0.274670553010651
2575,0.4627819823095365
2576,0.27800769482900023
2577,0.0747375390195657
2578,1.3939214209643467
2579,0.5373148585778722
2580,10.070411443369622
2581,7.385356029377647
2582,2.1136620261792984
2583,2.0554576207339608
2584,0.5140207650222806
2585,0.5420166751605962
2586,2.0789398312010405
2587,1.753789097954865
2588,0.01093736015320701
2589,2.275922881095255
2590,3.4120344893051424
2591,1.543903167422826
2592,1.171099667331788
2593,4.357346554602401
2594,5.033439664595576
2595,1.2491054969532627
2596,15.301717275984682
2597,0.9346764119140403
2598,5.674273464502804
2599,0.2969843493239068
2600,1.7077861674929977
2601,0.2580285897770409
2602,0.9323753820619913
2603,1.775877371607578
2604,1.6890996721665772
2605,0.001572210767449178
2606,15.099285779718802
2607,1.7941214253322357
2608,1.3308424758243689
2609,5.762193633240642
2610,4.516037765417877
2611,12.769727577647714
2612,1.123238600065946
2613,0.058136590033541324
2614,0.06501679568236796
2615,0.827728419109917
2616,13.071053818709675
2617,3.325601323862344
2618,1.1598426823702255
2619,4.487374620489007
2620,1.3149079257277663
2621,11.743357409897875
2622,0.37486705410299237
2623,0.38695113009339366
2624,5.250113965748568
2625,4.577221843851305
2626,25.143852847289732
2627,0.6538060078280523
2628,2.9196738438914167
2629,4.545110530222345
2630,8.65167176497458
2631,0.29034386251510114
2632,4.368200663000181
2633,3.7284352946796417
2634,1.8324795130819211
2635,2.2067498128777743
2636,2.676198161739876
2637,0.14209138791341047
2638,4.708049697015966
2639,0.5248690736437993
2640,1.5812155727637105
2641,1.1141884547288043
2642,0.5535495415473974
2643,0.7531634473455711
2644,1.1525153596989242
2645,0.0691829605532348
2646,2.021432493259965
2647,0.06807273557717508
2648,9.41904762577525
2649,9.532219605702707
2650,2.424270265548472
2651,9.998486413884393
2652,1.1915040418424496
2653,2.4611311071231228
2654,6.602713273854825
2655,1.625018150598578
2656,1.1606932372438905
2657,0.32642416489255766
2658,1.9337411766240393
2659,4.596829522807354
2660,0.9049323395065585
2661,1.0959200589269074
2662,0.8788251151287341
2663,3.621334085875162
2664,5.557297696736811
2665,1.1303568412290872
2666,0.040277647220648305
2667,4.073873866170331
2668,3.971757633542552
2669,0.16885817052576613
2670,16.17568339775547
2671,8.448663797326049
2672,10.364488918965783
2673,1.9488668387656105
2674,5.22837021004041
2675,1.0704230472298093
2676,18.82786987155535
2677,0.66571638703482
2678,18.1352109772073
2679,0.03469067953318472
2680,1.0148977465167661
2681,0.5405302733971098
2682,7.0234474865154155
2683,15.443454729242244
2684,0.72591881998909
2685,3.5737734463681647
2686,3.286521671940662
2687,3.0703273515936473
2688,1.1829024829497996
2689,29.855107035245975
2690,6.472555108004023
2691,0.48081846707106024
2692,4.519835847198507
2693,0.613006489649706
2694,0.7386653375211267
2695,2.318161110404276
2696,10.414413057859804
2697,1.8120515699221187
2698,0.4357205157262456
2699,0.5886354993340319
2700,3.8246573203147562
2701,1.5808619358277554
2702,0.35160146433202044
2703,4.20796211230126
2704,1.4137375974950714
2705,0.41099888521421235
2706,2.601715678992093
2707,5.568289336249151
2708,3.301556953565324
2709,2.2992893875201617
2710,1.5065580028960142
2711,1.992321001821523
2712,1.3515916767780425
2713,2.188950283760363
2714,3.1396170268184704
2715,1.7701400250620623
2716,0.7530610137149552
2717,23.842924592187178
2718,3.215823117822765
2719,1.3619119879459731
2720,1.930963217578693
2721,2.479995876718675
2722,1.2139142824850637
2723,0.4149164294290131
2724,17.180458848226202
2725,2.057256767855705
2726,0.2612370833912223
2727,0.14293600260350559
2728,12.159784926914543
2729,2.8910291723007617
2730,3.5692642742526317
2731,7.577442766926644
2732,0.9116535874947544
2733,1.4873449422421743
2734,5.178680065094412
2735,0.5420962597551693
2736,0.5004752198140636
2737,1.897167038086053
2738,0.6263836867479426
2739,2.444244932395975
2740,1.4269187042428655
2741,0.7398196452959951
2742,2.178501294442867
2743,1.041367876866957
2744,0.04602251192636686
2745,0.27483604711676435
2746,0.4348560422425294
2747,4.585399108614482
2748,0.8012099755989084
2749,0.49286558951649795
2750,4.794761043447977
2751,2.7773815436399047
2752,2.4403889078955103
2753,0.38969180680305726
2754,0.7915339851570025
2755,3.9216602789686164
2756,3.861437269778193
2757,0.3600218602679206
2758,3.4220216086128943
2759,0.8850180003005335
2760,0.1909354483073571
2761,1.4346625069690617
2762,3.2587058002491176
2763,4.6483381981846605
2764,4.362954258925612
2765,5.805080396838179
2766,10.54703017127077
2767,2.372975095481422
2768,4.093430748524824
2769,0.2201760429958881
2770,2.1327046437182844
2771,1.2072491858380658
2772,1.2403232580535928
2773,1.9618920844410752
2774,0.19033995637829548
2775,1.0298874503944546
2776,0.2634958886594063
2777,3.7391398365426767
2778,2.7415691356376044
2779,6.077118791800601
2780,0.6067592513250588
2781,4.70211004896457
2782,7.649342980943594
2783,0.7108145073306105
2784,0.9561958246245013
2785,1.9927016010772718
2786,0.3707611420938406
2787,0.5440115456142394
2788,4.537277773077037
2789,13.328009898846112
2790,20.409608513734405
2791,0.5963657847464106
2792,2.3670039533683678
2793,13.446569758553746
2794,0.5021090313155128
2795,2.3879417639206224
2796,7.519088796903681
2797,10.205772011209127
2798,2.4739104269895904
2799,19.623995238325122
2800,1.459800912874158
2801,18.481581992084934
2802,1.8341133531843923
2803,6.619601977396407
2804,0.17831076759085818
2805,1.9446529693404386
2806,2.6325257576038723
2807,1.7064642912656893
2808,12.126624382428385
2809,0.18203647750135588
2810,20.46006442165909
2811,0.5570083471241674
2812,4.02788585967798
2813,1.0075324428891008
2814,0.5794297672663902
2815,1.0068562968655783
2816,2.27128692871014
2817,0.9483884562239382
2818,0.22824887330864385
2819,0.8785415570153532
2820,2.5282220958385153
2821,0.7418768954257189
2822,3.823758804288289
2823,0.9488187421977727
2824,2.1321840055267103
2825,0.7379947966124405
2826,1.3423296786188246
2827,0.5462180410302722
2828,19.350776466769577
2829,0.4589636461316786
2830,0.6695094186289339
2831,10.192650379717819
2832,9.602940123902442
2833,5.098249509497407
2834,1.946852976793565
2835,1.8211454301121819
2836,0.8186870629915575
2837,0.6911826889661938
2838,2.634416821262363
2839,3.814113437220186
2840,1.7132368180104436
2841,0.17710865759926264
2842,1.9594595885074853
2843,0.49025724115074354
2844,5.906270274957251
2845,13.67396223062325
2846,3.1745920543328623
2847,14.545776370710733
2848,1.6886219959060043
2849,3.536758380903322
2850,0.22319035828684264
2851,0.44285484345260784
2852,3.825065201953123
2853,3.3979444983716007
2854,4.742395822858214
2855,10.42148629931296
2856,3.006017528575967
2857,1.2355950536853584
2858,0.029745412154625228
2859,0.5808172545690127
2860,0.8810259445213546
2861,1.0593918516375709
2862,2.726101567010744
2863,0.3039942598925336
2864,2.1082009004848032
2865,9.66321017310149
2866,2.586913386061781
2867,0.03820948183403061
2868,0.2411772540324364
2869,0.0905531653929188
2870,0.5861435051548938
2871,4.167527881502522
2872,0.6266441958268842
2873,0.8476006951710247
2874,0.5460824003260996
2875,0.3141456987422089
2876,0.22232295683704706
2877,1.096439713185788
2878,3.296435183389491
2879,8.3202602388656
2880,4.270124604686387
2881,0.8063727602324775
2882,2.933328736492655
2883,0.35111922800172124
2884,2.4245606901806127
2885,0.7629075937030052
2886,3.3651725790824543
2887,6.536089223869418
2888,1.3116623826757063
2889,10.95350497320523
2890,1.4022580254443824
2891,0.510914251276688
2892,0.68414625066697
2893,5.137702713293265
2894,0.15683076297938214
2895,3.875909062508356
2896,0.6749151237450519
2897,3.1106894005749837
2898,0.5950326269495463
2899,2.6593687944579187
2900,1.8435366321139668
2901,0.06808028110208397
2902,1.5954273507688015
2903,0.1683413162440388
2904,2.294033785893788
2905,1.6705173514486376
2906,0.2602461939121099
2907,0.32855697068924883
2908,4.816864284566321
2909,2.181100765920519
2910,0.14932518568417663
2911,0.0582620854814877
2912,7.5905078225403955
2913,2.40100332701536
2914,0.16728556298880903
2915,4.443455750007232
2916,0.7449665398097522
2917,0.5594913940755077
2918,0.8684297326098545
2919,8.183632879937967
2920,0.38139730274519934
2921,1.6908359042199947
2922,2.2172875149091738
2923,10.458288003012349
2924,21.48272215823374
2925,5.126128517210162
2926,11.470814367374665
2927,1.5165914443284123
2928,2.3905600859369827
2929,0.25881528828011824
2930,0.365687830841523
2931,0.7391391199827808
2932,0.7290599067684411
2933,7.4414171848251485
2934,6.7696919084189915
2935,4.616008327375056
2936,0.6457135065006696
2937,0.41923047647435396
2938,18.397011635553262
2939,0.03686986823282723
2940,4.154232880974774
2941,0.4860114307607546
2942,0.7428070795344865
2943,3.27477805748957
2944,0.5492988685154501
2945,2.704723149682451
2946,0.20996219055757592
2947,3.3970959210148806
2948,0.5034661275452095
2949,1.2829484663351423
2950,2.8797053720981864
2951,4.518728973032395
2952,1.033031871658551
2953,1.698222265506189
2954,0.3129382756202972
2955,3.145259016546163
2956,3.3477146031846843
2957,7.427373197646226
2958,21.26129072942056
2959,0.82819576886493
2960,4.676862630977723
2961,7.230889381290332
2962,8.96090013999276
2963,0.08489970093648935
2964,7.8882152760741775
2965,2.9006780462583492
2966,3.729331223951064
2967,0.1149037469955374
2968,0.4895897585310536
2969,0.29396051386686395
2970,1.6208320991235894
2971,5.3741628898136895
2972,0.1636259531151154
2973,3.550245268030963
2974,10.598305278770479
2975,1.9759655001992371
2976,3.7766332613080635
2977,4.182255735419517
2978,3.9713630527176917
2979,5.0208229234607415
2980,0.5143695143778473
2981,0.3390819051825247
2982,1.6303215993026754
2983,0.636920502541102
2984,1.1296619332847229
2985,15.723817886854127
2986,2.0762968757970555
2987,6.459684384560717
2988,7.20205234670135
2989,4.884066501954024
2990,1.2486021988225673
2991,0.5754363106971709
2992,0.5345449248956697
2993,1.8078512935434219
2994,2.5453021538262135
2995,0.9686903420498254
2996,2.3106852732129823
2997,5.846546898057113
2998,0.051559962289161376
2999,3.5746970838396237
