,x,y
0,0.8233271001605651,0.2679891582398328
1,1.2088758991429494,0.08024858666008661
2,1.2633813952750579,0.055704125376952796
3,-1.4715941956049328,-0.037754300855503686
4,0.8019034989053324,0.4199344920121266
5,1.205483350580419,-0.1888944072897446
6,-0.20829851611418704,-0.18784664967554932
7,-1.763056174624948,0.34179118892905724
8,2.298125549337673,-0.5702112110497731
9,0.4875821484053624,1.0078273411627237
10,-0.01759989240942872,-0.04514505944560543
11,-4.595889222710184,0.0762488967906898
12,-1.776882618298849,0.1415523325381347
13,2.7609620988925982,-0.02035422119202246
14,0.9709406367714362,0.16128018730049365
15,1.5094886478315797,0.5881848059519499
16,2.473711898770542,0.1665051644693023
17,3.524184570537548,0.6732701923856492
18,3.6547497155229784,0.045129391396128815
19,2.7298593439463303,0.41982597604088645
20,-0.3917216133717787,-0.04111306089264688
21,4.713157356763432,0.22592717412697283
22,0.5076442613708956,0.09943346325232527
23,-1.2218657141393834,0.062170482994369
24,0.2847146325571046,0.1349238828292465
25,1.6015782098569922,0.002111982973957316
26,3.9288699643326996,0.2723901535664388
27,-2.0396623523742043,0.9015296384718756
28,1.4248941148753893,0.08128836518167248
29,0.6251985883086206,0.28243085250321776
30,-5.003571175842473,-0.3485471753757905
31,4.291860564452701,0.3445243070599555
32,-0.30581419475828575,-0.16699165041660036
33,8.658173584282498,0.37584338583720034
34,-3.4656621398768372,-0.21184808335455552
35,0.33025741389361585,-0.05279016574705209
36,3.1509855318663007,0.31769949237602235
37,-3.1520601178280216,0.17700906557303897
38,-1.3098391876015434,0.07136096529991298
39,1.378973596744073,0.4313103464843382
40,-3.2376057827662805,0.10285389656726429
41,3.6906896537094216,0.8063568630692268
42,3.954048245271551,-0.1797026416098506
43,-0.31864826193844564,-0.5530722990258536
44,-6.2828306607457005,0.2102730251235556
45,3.5739349958775932,-0.03430054001310834
46,-0.9597027692254745,0.0677199193749467
47,0.6930564579548175,0.32323495968005433
48,0.1808854531124453,0.07009887029653439
49,1.8571293992892297,0.09668764964041165
50,-0.278733914665807,0.13179059628672807
51,2.887387629658061,0.06247502876569966
52,0.24939683736477392,-0.02407447813038044
53,-0.9023080733172613,-0.006179129608245959
54,-3.000150120122356,0.05392603804642371
55,0.46035444959346705,-0.037109796980663745
56,4.29348489794172,0.37624563068221795
57,-1.8095751488248162,0.04449234342671082
58,3.8354527098471998,0.004707763486762051
59,-1.1118082178328024,0.6336058911596401
60,4.894652861344902,-0.27697068845068684
61,2.011142527370012,0.2455226706996121
62,0.7222123304352106,-0.6163503590915809
63,0.7508732569155043,0.11523873145502117
64,1.5661431287153764,0.35234989340529155
65,-0.47950820289073093,0.29466107065509384
66,4.352706270314336,-0.12796235524141786
67,1.4867713078431386,0.36062677377381513
68,3.8403217444943465,0.24166514780504977
69,-2.292483188454149,0.41320853570770333
70,-5.946772659875799,-0.2906052887177948
71,6.147431618219688,-0.031775936324877074
72,-3.459493822999484,0.5745973023386786
73,9.063426538213072,-0.019156432699458548
74,1.0898461795629562,0.11401376739965619
75,-0.1559813644863084,0.03984911467550489
76,-0.7997745261785862,-0.289145209048139
77,-3.1857150596752746,0.7100495383681837
78,-2.8254996798580176,0.38280074412396625
79,7.194804760727813,0.5658707638138178
80,1.4934006989903246,0.2334794084130567
81,2.3391812361131983,0.03415108322145821
82,-0.8884990235913932,-0.4119937254223708
83,3.519693492327649,0.0411073524103418
84,-11.44669571639653,-0.17631043790201628
85,-1.2564188680210293,0.07284663283617698
86,2.0714732298220326,0.0030895455752053547
87,0.9256014437003941,0.05333941716344359
88,-0.06405001944542654,0.17565310941833823
89,-1.1311134466810486,0.13396771119422524
90,-0.6601178229706939,0.40852114702578435
91,6.112315928344053,-0.021739024409427654
92,-0.4418160480821314,-0.20225105623354434
93,2.6777304617706648,0.10632806529530292
94,-0.34447572486173783,0.30828074718287324
95,1.5866180466578133,0.5860683024583961
96,0.1553847243109132,0.24022916189953003
97,2.812138444238265,0.2788641765083004
98,5.814752352037374,0.24275616288604485
99,-1.6655488874428492,-0.47981538851080785
100,2.770514021313076,0.05061278897691768
101,1.9905709622858652,-0.06968867317185845
102,-2.2243594601600343,-0.02949543384558473
103,-4.419279938137918,-0.06166303065452583
104,-2.1038533049520005,0.08230158580088198
105,2.675557095179464,0.4340755000210905
106,0.8888334467343242,0.293159240569153
107,1.0047293168847844,0.4007018421082085
108,-5.715498530269131,-0.32345279026819096
109,3.4658571255329385,0.28468659351596903
110,3.2158009177749953,-0.3472952248052209
111,1.6527814918555848,0.32652753735729223
112,1.1663159328956318,-0.023544386880852475
113,-0.6668081022326113,0.21601851523587312
114,1.8781131569662861,0.24781535548600342
115,-1.6154408123901725,-0.10572796213879532
116,3.8797226698762977,-0.5473165462769078
117,1.11855018769735,0.24609207303583913
118,7.9551362032483475,0.14277955934692876
119,3.354125705789693,0.15832018492246358
120,-2.388140833311134,-0.379462132568238
121,-2.4139288404110744,0.44640910938557576
122,-4.314048822600647,0.3167428872702187
123,1.4578383227156468,0.25098553459533646
124,9.70049207674403,0.04051665243083491
125,-5.838332627679583,-0.25007565897367845
126,4.640678725378635,0.10335221288456808
127,0.8598570015990283,-0.0598004565945649
128,-1.9594461903729705,0.21222526893975613
129,-1.1205935984089326,-0.4019510886678105
130,4.476148764164101,-0.07915168719163168
131,-0.26007485026909016,-0.051663987459410254
132,-2.3443283173690546,0.20880697615095833
133,-2.841734978887711,0.418586490036317
134,-1.6112028069238118,-0.4290925861700293
135,0.5258143837724241,0.41397588434862453
136,2.8297971802375965,0.8397320027788839
137,-4.149982264482086,-0.18971901174592654
138,-6.484704931577849,0.37145943784666113
139,-7.1708619885873714,0.2306550379807799
140,-7.045818066330592,0.4000405807897749
141,-2.14307359239692,-0.04197281528102803
142,1.6739424695419558,-0.04060824835223131
143,10.48684712807091,0.026782849607733583
144,-6.823680018006256,0.2698100722806165
145,0.8409726940997118,-0.044746826061508815
146,0.4030683776612367,0.31628719758442636
147,3.7784950276425633,0.21261445407170876
148,-0.12177581075923882,-0.1382862250728928
149,0.5546655279248114,0.44935947295965484
150,2.3710137005211074,0.3117288191551595
151,4.350790452378245,0.21242425170430956
152,-1.5292150791573995,0.1626870460348322
153,1.71151822510304,0.27889874922672564
154,7.341480854365997,0.1929904500133084
155,-0.02239762319205596,0.22544213550673597
156,-1.6917489597826396,0.2680697072389435
157,3.280472730734857,0.10675350238920234
158,6.449336016571291,0.213885617774066
159,-1.4856449640736535,-0.6700284847419382
160,1.7801963882692462,0.20481276808861382
161,-5.83590534345193,0.8622013070535886
162,-0.30364659338301436,0.09771793439533005
163,5.750466839207558,0.44628488846218906
164,-0.5010034892152753,0.300896584510145
165,1.5843343099722595,0.20499589752299308
166,0.9395970244143399,-0.8944001204800283
167,0.41408624843852415,0.13944792906029546
168,-1.8616623397130354,0.4733544313430653
169,2.4174100443673083,-0.1143178006615978
170,-0.16810203604535445,0.23546121740877624
171,3.8186510589043383,-0.022763476696381346
172,4.573176990617078,0.0501179154508089
173,0.781288004582521,-0.09713489920461327
174,5.735263519044807,0.12664979436523804
175,-0.13104830151279145,0.2540968881527683
176,6.203484779422471,-0.06715370609862181
177,2.377738621121516,0.19174610586458218
178,1.1862246535800196,0.20240096732150148
179,-0.17915274155415872,0.13531440018648588
180,-0.001388350269280636,-0.2004563020687219
181,-2.5577365029058967,-0.11489710401990205
182,1.5695971064237426,0.06387063763970002
183,4.01406888906326,0.2651703525657123
184,1.7061803619067,-0.5279013391636018
185,1.6547822649511232,-0.4910522384415925
186,-1.2823111278640429,-0.3799750349705042
187,3.010934512114332,0.23556726499280933
188,0.7583203162490548,0.15764349570231118
189,-1.3662430737482971,0.17138885261212167
190,0.8455907862333127,0.35082851694598594
191,-1.3866542029335491,-0.1185843013937724
192,0.4428002941083182,0.22887345513499957
193,-3.2022044188347785,-0.24978719726844156
194,3.6432976729318405,0.060726641675818316
195,1.5264915964111996,0.17052545059596214
196,1.7798604920019088,0.18797922154211477
197,-2.2193015718037827,0.054811192741678116
198,3.989131566925874,-0.20436243085492245
199,0.3751657001799842,0.9991324056957538
200,-2.2415585207951736,-0.20907913012663737
201,5.583445965813617,0.49447112174039276
202,2.2238880773109138,0.3831226302453594
203,-8.45768715414791,0.08467858672054995
204,-1.8281119965736146,-0.016794832011763128
205,-1.8294051341951558,0.6192307620559603
206,3.0876866268513172,0.25631244389698127
207,-2.876419292331045,0.6448088127642999
208,2.220970243980732,0.26443397028041593
209,7.987760115333902,0.2246762361461625
210,2.1520834567969,-0.11721882604992606
211,-9.119065237529961,0.2395622041662362
212,-2.761350449288109,0.3289139195784787
213,-0.8926268723099469,0.38259633556432404
214,1.6700193402904837,-0.5564814922349093
215,7.838807660287181,-0.08528315734333625
216,-4.7044432630446575,0.17515662560482692
217,2.831186630521511,-0.06084881415443644
218,1.1314595088007415,0.07870599468145278
219,2.1531964532954753,0.36682470523271915
220,0.9694753977297861,0.24962855123889782
221,1.5139016421875162,0.6035437189707067
222,2.3275940039785574,0.08664681795961626
223,1.2855467325373056,0.20512561236477267
224,1.0483800436393924,-0.12926976669253576
225,3.1301034564053296,0.31261454650872467
226,6.257765977103098,0.16586064085008845
227,-0.678403674854362,-0.1661532327941343
228,-1.9550768891273194,0.16878597929993888
229,-2.4281353789953197,0.4769140629430222
230,6.488377554768107,-0.11077886477864496
231,1.2578337039673215,0.20304593247039238
232,-0.5286332939147709,0.1514602674958092
233,2.6039176090369995,0.6983036908067872
234,1.3472458380874635,0.13068812659534856
235,1.4058203420429418,0.08417540570319715
236,-5.40358534983377,0.05124694265171437
237,1.4233547187398177,0.3001013117331328
238,1.4528597709733404,-0.7040419322125927
239,-2.1023321451809878,0.046050376322340325
240,-0.3480884794119188,-0.4174341051294741
241,2.507258803296862,-0.49209634217267784
242,-0.4191224809913052,-0.03893335710687662
243,-1.0528118872041325,-0.18516830596737532
244,0.875154140336333,0.275550465835223
245,-0.5290980486812611,0.010810083945397064
246,3.6146807763383926,0.17392479621037227
247,0.713867539433199,-0.2465085122465518
248,-3.814695628165925,-0.17138601954840094
249,-2.3387818679929495,0.2706742612590216
250,4.011721194009148,-0.07739356351677196
251,4.981523992806149,0.8772657694327624
252,-4.324426428081207,0.2614273273971859
253,-0.6827543296333243,0.29404128786112427
254,-0.3916234411248425,0.07639943075386091
255,-1.129134657272063,-0.7380282072007349
256,-0.9240977426640136,0.2523127964264462
257,-5.794892472899654,-0.11923833827409924
258,0.15042331328235647,0.4378276075569585
259,-0.6996425282618794,0.38797393629611254
260,0.792122050529219,0.2228121271587089
261,2.4717126263541402,0.7649865999200542
262,0.2440394320177628,0.5845006111882096
263,6.425032620011599,-0.009074003734373615
264,2.573145912658955,0.0389254124095737
265,-0.2864159410128231,0.10335434858698256
266,6.829352048461558,0.15940941838506495
267,-3.212109645032985,-0.1252123745517536
268,-8.31096890267237,0.15236355017162118
269,-0.9755682604954892,-0.0413178142331192
270,2.1286208689430097,-0.6786028264746482
271,1.2351168544429605,0.010369855412630136
272,3.0999520007119337,0.2780481910197914
273,-0.10788078191513328,0.35471990152275024
274,0.031648338039886426,0.7976496066210772
275,1.5156073174545703,0.5970920999725113
276,2.3542753471566975,-0.061711071546576735
277,4.631511889015215,-0.002082022125499128
278,1.9193506098326694,-0.12124789483337639
279,2.0527478440349753,0.0044722043007048295
280,-0.8211088364365864,-0.2147383414134575
281,2.0083894482532596,-0.19183904269559549
282,3.04816198464286,0.036650991047743275
283,-3.556447387723285,-0.2062742946164825
284,9.858224144975196,0.07809986720630269
285,7.290674674086748,-0.031049422217880207
286,-2.340092974477514,0.5109625978957468
287,-0.5902197647448446,0.07257830287978773
288,-3.458205329223336,0.026702714394302607
289,-0.9561929360140162,-0.21324609177731457
290,6.5677583572831395,0.07931190698267598
291,-0.8840837760319324,0.2165799197842504
292,3.9216166937721795,-0.17463632591701106
293,-1.0335635447350597,-0.09061258523849713
294,3.8956817199313107,-0.05332929177058632
295,4.140085180994333,0.1954366195322359
296,-1.4953811465866202,0.18760690655740242
297,-1.678725597522245,-0.15549375371649088
298,3.0289157943013656,0.1463166487237555
299,-3.276781619806158,0.31593657409043807
300,-3.461450337454881,-0.3341995662673747
301,1.0505240078576605,0.06780542682504809
302,1.2166378461386884,0.02511894349479582
303,5.331744058691527,0.21169210112210135
304,0.40066438994531417,-0.003278320794265932
305,-2.9666503043734824,0.06763014065511541
306,1.3778601970424162,0.3151801198573796
307,-0.4308312174164506,-0.10537925256278502
308,6.856790321790559,0.9054781917155945
309,3.0640438375396233,-0.038705138685173
310,2.8310141554864288,0.24279609505624178
311,-4.463770571650254,0.30010426520725453
312,2.8368437303151772,0.19985745917502995
313,2.902759138588813,0.2683716114146286
314,1.7417268592268442,0.6844865226820986
315,0.6947131160877582,0.22122415730009792
316,0.3623956826052961,0.028981069476240684
317,1.8605202061315786,0.26164071724735205
318,0.79015277886365,-0.03790733161796889
319,-4.053184651897487,-0.36118927213193264
320,4.20039722036141,-0.22844163096193237
321,1.8329754501032376,0.45112055637841486
322,5.766686862775831,0.48432394695290726
323,5.138446625195279,-0.4386162557419655
324,1.2414625916504178,0.388158310886507
325,-2.027889142935905,0.030402631225278975
326,-1.9587092301761935,0.0164414502200958
327,-0.9022618116082111,-0.3606280313550533
328,2.3742100658360403,0.49029893348912923
329,0.8738378704247367,0.3508367830897776
330,-7.030254133675286,0.16308641796227463
331,2.972852357445337,0.5032021170043361
332,2.496918697618277,0.14484021364288613
333,5.463468973046787,-0.09858337622911328
334,1.277492971410684,0.14467602810814117
335,2.4822167194123566,0.21499990563002225
336,7.114126745072102,0.20751578634981982
337,2.72012258040532,-0.09332343021991263
338,1.1803241932480688,0.2049730613312084
339,-2.0300448416151298,-0.5833090895410261
340,1.2897616240473724,0.22937973068651063
341,5.010683678914766,0.3760007664593896
342,-1.0145620350348956,0.4895321134617132
343,0.3306155429393627,-0.013850696767742643
344,-7.293698461772297,0.33145729538391255
345,3.627948988882121,0.1892674940469965
346,2.012993888909575,0.11429036154727523
347,1.819061522604553,-0.036218373968776696
348,-4.602936670927953,0.4950374446239436
349,-5.675838883746633,0.5307028788178787
350,-1.6114007181398406,-0.6144841269705104
351,5.7748298471841295,-0.1695986326714437
352,5.14345428178153,-0.1816788341837846
353,3.2458980952016905,0.12944477795488796
354,2.870610903905771,0.2569708201590024
355,0.9185875768623628,-0.1256140050361232
356,0.05359887018395604,0.5739408145057987
357,-2.0636523208980577,0.33875058494239707
358,7.924720831492074,-0.2040549730303497
359,0.3895566691541017,0.09205206048208403
360,-2.098015299270436,0.09823446024915872
361,5.940641783682292,0.37073776661606606
362,2.8016036987550894,0.07294885396923023
363,9.800963515570373,0.33132193232156637
364,5.988675112491059,0.6755176566887615
365,-3.2878746717948566,-0.09450336559175265
366,5.17502492577141,-0.07693171474089588
367,-6.750557665924628,0.38732592137551336
368,-8.48963975274533,0.04240889748432486
369,-0.7066829882486925,0.2222008000495066
370,0.026939284187639245,0.0056037145735543525
371,-4.0182396185666684,-0.21365713387040286
372,-0.832117063532074,-0.1587895411258491
373,0.14174229055677756,-0.32524250013013756
374,3.99228275755004,0.6879567431706628
375,0.48684588464531586,-0.004662325369594544
376,-3.0899931309538538,0.10090763085959442
377,2.135797071755695,0.2706790867237676
378,-0.011731970236379397,0.08154717631243291
379,7.38033139360342,0.08782585665536913
380,-0.9973089688843224,-0.10724333448120382
381,1.870968082208048,0.06832231074288342
382,0.527207125545452,-0.07832950177648168
383,1.0924832028757088,0.23189282221509866
384,6.439253118845166,0.15483908085796738
385,-4.028829172348541,0.22543795437859426
386,3.6551699889827525,-0.005274802656960342
387,-1.4116990562622398,0.2001687577155684
388,-3.07385727281342,-0.633142758863728
389,-6.775133536457426,-0.5995444162962773
390,-1.8021134394747342,0.39418617525957655
391,4.697402499116151,-0.12729028627742667
392,-1.3235721726433347,0.06890156813412096
393,-2.465968170095259,0.87126941682127
394,0.7608060480849481,-0.2663052587318643
395,-1.5659474449109325,0.3812019373992994
396,-0.8124927544599885,-0.2995776579649312
397,3.7534020811758353,0.09374287433733364
398,2.5966630039794367,0.1849152625756325
399,1.8819997197171023,-0.129474358164669
400,2.1991414825811137,0.0888751813831119
401,0.4774322268558855,0.509330906442389
402,-6.39534836465863,0.15863947356632258
403,3.278273843659262,-0.004864038534133974
404,0.3319124002874023,0.05482708160703553
405,3.8008086827507412,0.1402410036493673
406,-2.2413027777040337,0.18609458818205704
407,-1.647668059354336,0.08841221087043571
408,1.6260518998350015,0.07998783690565903
409,1.1598409949524981,0.06965875746608252
410,-0.1609401337440275,0.228555556157801
411,-3.373685213115717,0.4418868012199466
412,0.780996224758324,0.08001246866566714
413,-2.850361324198115,0.14686583636845318
414,0.9548285926938789,0.3486777927554776
415,8.067406233276582,0.29806299540762415
416,-1.700234351842628,0.27047932451650225
417,-5.441359247594615,0.27732150709860615
418,1.8631065498063961,0.10794503270211764
419,2.950082476621855,-0.16834714788560556
420,1.990602240393521,0.279488112359644
421,3.276317991964378,0.06865765899709375
422,0.009637891949857647,-0.5822061353146522
423,-5.206237081559954,-0.06150646659240511
424,-0.47194342757385854,0.4562950881664751
425,2.809085150651038,0.43496283802733604
426,-2.2304626645667085,-0.09265907786127103
427,0.5643973064649188,0.24510292059305017
428,-6.359599844218341,0.3975749186409998
429,1.3401806395669862,0.8006771138971294
430,-7.6187608070325314,0.6124350650569785
431,0.7225246113546504,-0.17070479999198473
432,1.4425248518560991,0.02698766692156629
433,4.616201741423744,-0.08969639948297381
434,-2.1604824497468513,0.30976715709260416
435,3.586949820790071,0.11720990854414493
436,-1.7658103558334375,0.10257248359628446
437,6.783153521737805,-0.03407518741540472
438,0.8509320343805307,-0.09405768747205812
439,0.6872090815178833,0.2398066645386432
440,-0.8463825326629468,0.008760048096891904
441,4.711903649858506,0.21570520740078525
442,-3.8492493232096496,-0.38553811067017507
443,-8.796754434307289,0.3330096605181707
444,1.1822540014884595,0.30066662934041655
445,-0.5283572146447888,0.20884581469127927
446,-0.9304865467059891,-0.05427300272879432
447,1.942363065415826,-0.006947487302979449
448,1.7553726615900551,0.19071400535705418
449,6.017612793779616,0.31303751741800845
450,-1.543972626825358,-0.35552892426093385
451,1.3549320662027249,-0.48506307520334013
452,-3.203186577115975,0.015758961155084128
453,-1.5557230325556617,0.2778875132969867
454,0.46974801403166744,0.15708770911061065
455,2.008506964117359,0.22603801305202387
456,-1.6318911269533913,0.3548357340536099
457,3.4544385044575954,0.6978003163334308
458,1.91154692546632,0.6046963958741469
459,0.13026702294881254,0.18108517435713956
460,2.1597198932160033,-0.12305632899099439
461,0.9889812171311014,-0.07147285386935243
462,2.2732227086780874,0.4185556081188495
463,1.2900968617139075,0.22934015051537138
464,-3.7315911121853915,0.11892262606210036
465,0.1804274899154148,0.24843376092363312
466,-0.07355976511711049,0.02539877277513547
467,11.991917001676793,-0.16112038489321912
468,4.6089738621483,0.5811456988386963
469,7.140423116781175,-0.1903482209324202
470,1.325934617505677,-0.23547770122443312
471,-0.3760419172892462,0.251883911192861
472,-0.36676676937674557,0.8324361812029093
473,-0.4589354925636435,-0.14822654658214096
474,6.776172695973848,0.12997534391850563
475,2.050610843107105,-0.07932986169767686
476,-0.08091625597245056,0.18476166860027177
477,5.196257567461821,-0.02788979712279127
478,-2.351585058023776,-0.1652711554441757
479,2.0888825243046547,-0.17703669188221316
480,1.1333450373894216,0.4014370885331562
481,6.460368599043928,-0.2670243153046251
482,0.8612655401178646,0.15406554724323485
483,7.416721493145889,-0.4797872855900748
484,-3.150360854755572,0.14138407696137079
485,2.407789634991463,-0.17526887936548308
486,0.49619913113287595,-0.04887437521983118
487,-0.9381689949086063,0.7921623175165702
488,-0.1984077745925692,-0.7767022600301359
489,8.922518222313634,-0.3185614433804391
490,-1.075559450834728,0.37689716889165714
491,-0.08394096246337135,0.39308502454530725
492,-0.8110261258996267,-0.09353830558874099
493,5.9052897657636265,-0.7558350909057746
494,0.5132493351318033,0.14299299645605812
495,-1.3764796948907367,0.09964905731796514
496,-4.185029688485253,0.3704845674630166
497,-2.1178032455567894,0.7738006756299536
498,2.5548736071082274,-0.35480552610785154
499,2.597167878684555,0.16966092056955207
500,1.7422820841035396,0.4332984417089165
501,6.075769427961223,0.4583113144198585
502,10.55268409832519,0.16691201889633378
503,1.0955617745059971,0.16953336894128923
504,1.8996287255575393,-0.3015013117082046
505,-1.2619002800564942,0.6010546287681624
506,1.0640099700745225,0.2278451882175443
507,0.3884703084754122,0.2122571645800555
508,-0.42495876433437907,0.17342428377117347
509,-2.9863053159458257,0.11517789521718935
510,-0.08831258608313597,0.14586260391424033
511,1.4548613362325682,0.08633543015388967
512,5.163252993715922,0.3909592625817717
513,4.0232805308872095,-0.1074526665594604
514,0.8377972107937595,0.2531884677340104
515,-0.02628234103833904,0.02165935196742441
516,-0.3273509544616253,-0.2415769435733689
517,0.7668637246109,0.3633997790662935
518,1.63557091340315,0.7198518261111282
519,3.0489141238387774,0.14282612723357446
520,7.182148299536397,-0.006349590773484959
521,0.7048384481804959,0.6784201561866892
522,4.286117771689231,0.45626102539596136
523,-2.0024349922232343,0.43911506851676996
524,0.8645421057283507,0.04387129137308832
525,2.8864446870282983,-0.19355594902798245
526,6.44500348572231,0.2876806683014166
527,-8.147691142856308,0.5770900172163425
528,1.333057693002111,-0.04140574309820011
529,0.39047377872318734,0.16564614061296434
530,-1.9941637937805474,-0.07077671809880426
531,1.7064651235473782,-0.06423716929312706
532,0.7680291242955235,-0.38411206411785337
533,0.7699648014879052,0.10778765448853189
534,4.648650452364858,-0.005366634974059092
535,3.626752838253676,-0.2855340743370762
536,5.788446441081799,0.05224975186148284
537,-0.9322856155788557,0.040461665918241074
538,6.071107161043088,0.22705459017894292
539,8.921696154021163,0.3834816930655607
540,2.702911339085201,0.3299425816510635
541,2.570897698881801,0.04986738819273695
542,-6.868905991005711,0.3270957231391636
543,1.9992126209467767,0.19200875634779901
544,1.937325499086004,0.060345162720657264
545,3.177991013803812,-0.011778365713001393
546,0.12375672393903869,0.23650540823044586
547,1.964071260063287,0.27033149258537637
548,-4.357909962915814,-0.539836730014203
549,1.1138834586907294,0.3635113871865385
550,0.2627695243497836,0.29197469289687206
551,0.28519972701901963,0.11274167916868216
552,0.8941409451872957,0.08298701035616829
553,2.5577967060698175,0.25114063026832634
554,3.4113825699198355,0.009619557899555709
555,2.281300262036531,-0.19069620293278589
556,6.54466454080152,-0.12639420758954656
557,-7.883643415159159,0.158171082960062
558,8.237804586996013,0.11753077481726804
559,3.949905008645331,0.948719056076845
560,-0.5821634377342555,0.06998721516481088
561,0.1244605584781091,-0.02287129721143555
562,2.047004924089469,0.3594981700776878
563,1.005463621445605,0.5336745223314885
564,2.873107640160283,0.049946196187704794
565,2.6382225224727467,-0.10185035630779071
566,4.8448978027254945,-0.4255964363970447
567,6.911940616265845,0.0006148502227727448
568,-0.10441575434506944,0.6073488809613725
569,2.52618146852487,0.18102960432912418
570,0.717349461502133,-0.17403531766231906
571,2.9423172405260587,0.19372789820655245
572,2.7623955748427065,0.17751001292912116
573,-0.9688778142070298,0.1069150826380969
574,1.911816172566187,-0.03263253821606593
575,-1.1883468134572777,0.17518149820768136
576,-3.1980504521204693,-0.11815207661168103
577,2.2894724647443603,0.23745378554687635
578,1.920318727010077,0.1039242862090326
579,2.653393043088901,-0.4510910059312835
580,2.518983959065455,-0.40162487732067165
581,-1.6392085297548746,0.2011659380711941
582,2.8344037379015425,0.07309338177882596
583,4.520429891440315,-0.434353532994707
584,-3.182420546597859,0.5893119901623347
585,2.006034103906803,0.5330370817806178
586,3.2732637002303004,0.04407055207584909
587,0.16889423110048085,0.18036059632137613
588,0.9753278766371292,-0.01156422185046091
589,3.306400916136594,0.07593879626390199
590,3.7399764425921624,-0.23260537629339306
591,1.4332171898129396,-0.06636213238383293
592,3.022272383984621,0.03427524138956062
593,-10.377402248023301,0.2543104041521489
594,1.5164226055921546,0.5946182593404232
595,5.502167284999722,0.15968040283972318
596,0.9504495418038452,-0.2820780542527914
597,3.593928332711293,0.6149276330773987
598,-1.6256217173908958,0.10238895983348195
599,-4.401128923074178,0.5308224968744499
600,3.773952301354189,0.20963444012672094
601,5.205718795244003,-0.08045488753771857
602,8.395200211985049,0.16629083223617025
603,-0.8659449235954835,-0.033279916777677276
604,-9.997130910277022,-0.008832689095281232
605,2.8866354308362467,-0.3427093706469462
606,3.3922873743833506,0.1417625977749708
607,-3.838944247631675,0.11051784122672448
608,1.4997231621315574,-0.4514085703612629
609,2.0423523827393453,0.08969326698931712
610,11.480022424692038,-0.035681472699896966
611,1.815499227213678,-0.4504452540130234
612,-3.047646871963769,0.1741686861676257
613,-5.839200073897162,0.7046259502432437
614,1.80380643713303,-0.11492034977622412
615,-4.289194173547055,0.01781284817749751
616,5.045046401805987,0.060232479673230754
617,0.10931532672828048,0.632899058586283
618,2.669314370271305,0.16479351534402165
619,-2.7322533885363036,0.11160781628614203
620,2.8889667858255805,0.14955815687244978
621,0.7697140960598166,-0.10858330351494794
622,-7.426116994447034,0.4031384589561364
623,-2.832313193682298,0.14399765877655502
624,0.341536520902352,0.8947053034589074
625,0.7377808514042385,0.35096054050857584
626,1.696032824773532,0.07761263437761268
627,0.8926295332666427,0.3315954453251717
628,-0.761241813536838,0.09952180316880876
629,-2.8795350943737823,0.09553856234709546
630,3.589254136249899,0.020811387849838603
631,-4.666814866901358,0.23124919711991088
632,-4.038630566048193,-0.33988034749688034
633,1.1416412712014399,-0.3367174866732371
634,-0.8775436864339436,0.6331964007108872
635,7.541489404278771,0.11854358452434122
636,4.52946056960214,0.5663556294073828
637,-1.7171085206428653,-0.2472794154607879
638,4.307690681855913,0.2516805968789009
639,-0.9004448299098478,0.4322874458950501
640,1.3837380801301613,-0.05059861459700321
641,0.9826916715000173,0.37391721838406244
642,5.7619541890370165,0.5430796990146323
643,4.333378119823678,-0.07535926154695327
644,0.5688191880201252,0.12245735534949254
645,6.170459234602557,0.0034089217092525548
646,-4.190707599993652,0.23838488736790242
647,2.6736072348073847,0.5490959900656489
648,1.9186148043673015,-0.5848221571763617
649,1.3794248086091265,0.12924796078385925
650,2.691862820963957,-0.2516114629248698
651,3.9533307410911043,0.18316170831060985
652,1.205568505345724,0.029387990908251727
653,0.789075669223994,0.9832427349146895
654,-5.943818707604953,-0.1345935909709881
655,0.44113272075775534,-0.021576055254459936
656,-3.131805406744917,0.4943233280361996
657,1.4311412513701605,0.02229121157433056
658,-1.1106932664003004,-0.04773846282056493
659,1.2382934040442315,0.20133047209283395
660,1.4540210282543171,0.006057002532461997
661,-3.266425946016218,0.34329035683685705
662,-3.0207672982464793,0.03685653544553302
663,1.3562016040012477,0.0943352098540855
664,0.29019578767910303,0.04008596188987945
665,-0.7771188418659101,0.7119809248894582
666,2.654795047816929,0.23116004499707477
667,-0.4141058963169719,0.14090273092130312
668,2.9524662824444547,0.2529826780190656
669,-1.987293896694453,0.5957070327298448
670,3.3338929692168016,0.13326147982220404
671,-1.0638830363985683,0.21398388910775745
672,-0.43301452970641563,0.2526750850785384
673,1.7263476114630372,0.5955757065825029
674,5.994596868578569,0.04560302722273479
675,2.019562079314788,-0.02570238969824601
676,2.6004550640193482,-0.19002864521669738
677,-9.612382881809989,0.11636142152127493
678,-10.582846088295565,-0.5174962652214308
679,-2.5563605318559546,0.09461474407354253
680,-2.289561378714822,0.3992406735689964
681,7.623933177897378,0.293092734502588
682,0.3231701415600252,-0.35602456291033857
683,1.677343425107189,-0.23951335602309576
684,-5.885499664533304,-0.3760044600057624
685,-5.84544908374389,0.5038773102679264
686,3.3684443145250107,-0.38359071425951874
687,-2.5610859996869344,0.2222231039316862
688,-0.31812300351016276,0.04273694852275289
689,0.9886945427445948,-0.05101887086663104
690,-6.718672859980075,0.034380864380104015
691,-0.8978700402486712,0.03859767089458166
692,-3.0747504642398713,0.2735765514932311
693,5.37824293925442,0.11234789357689867
694,3.9624877651656334,0.00030766830826278735
695,-5.381256737706375,-0.09671865159651394
696,4.8550712746038265,0.1419983571294534
697,-6.334112973298602,0.09207970841426838
698,2.8024559936880244,0.33435708358231264
699,-0.3767768156913096,0.07692995730489338
700,-3.087637009095067,-0.1557286057352426
701,2.661345475442543,0.09981793725743304
702,-2.528740661614684,0.03313464654377607
703,-2.332999356391685,-0.28440185909234383
704,-1.2835819699185222,0.34643191869526735
705,-3.4553810421371907,0.38441955539382966
706,1.8312343321233513,-0.061821313150126955
707,-2.071218177566603,0.16070097951381768
708,3.4183836798577563,0.19027607886330178
709,3.3172182251580917,0.5097913244136723
710,-1.9556537537859313,-0.6054502249493728
711,-1.7622712025022942,0.2727150540805314
712,3.8650495529634767,-0.025492647799029378
713,6.8473543244372195,0.31352426270487666
714,1.3541378708436973,-0.2734810275996751
715,2.7219178132509203,0.7841289292533307
716,1.944806730112937,-0.03409914524703628
717,-1.0057796566951893,0.01571257048597463
718,-0.6310613034644597,0.08869534404227575
719,2.5080896640413535,0.45799002551578294
720,2.654125637017769,0.5736907629942409
721,2.594840054362276,0.27039266529458095
722,3.60584995608386,0.08911440655014458
723,3.951776240758761,-0.04370358720681777
724,1.6674985822006736,0.4795073074984737
725,4.799027529587185,-0.14853367583602883
726,-1.869125331475992,-0.8250116335216539
727,-3.5972625381904084,0.18528309393772036
728,4.818013535182963,0.00901324665214065
729,-2.8734607978309583,0.21140211403234277
730,2.2808808205856224,0.052956995058359935
731,3.391316287099457,0.09964279812686039
732,5.521726080381107,0.009955461099360186
733,-9.165576274314438,0.2620348048375585
734,-1.5389327066904315,-0.001945509753539465
735,0.8831110645460178,0.3024618520838358
736,1.0962588639100002,-0.06588408650043553
737,1.802719344809212,0.27891671880606483
738,1.9341442688079855,0.17699865532227177
739,0.8000317983420047,-0.22781646870601158
740,-1.4950769781910633,0.016003618371031925
741,5.169292850262472,0.16078587415714374
742,1.9203541161242494,-0.3882876933253061
743,2.5348008767977976,0.37529874587354617
744,1.429783611399884,0.3780448829930232
745,3.565713469694007,0.27811906580253276
746,0.9755583112311257,0.44483396169445744
747,2.0366467745953756,0.12971202225527811
748,8.133766622586322,0.4963074361057631
749,0.4845422221384954,0.24233582663617148
750,-1.7370891990098336,0.5772949396368527
751,2.0495346369229193,0.27657518093150135
752,2.293897286032349,-0.3334019728522598
753,-4.1168778989957096,-0.1248306540165407
754,-1.3707432704185614,0.4284447697741254
755,0.7026095480922017,0.4513043385010411
756,2.703174007532617,0.2718630709670349
757,3.586988879769107,0.9326082667371514
758,1.857277745565284,-0.3485019379824883
759,3.2338107730129657,0.7117941425290322
760,0.75709546495548,0.6620122816138314
761,3.322645614188904,0.3167777016230606
762,1.6977071096866396,0.2810232914418953
763,1.8708126475328903,-0.2996761390700994
764,0.171345898987866,-0.1080797675380607
765,3.4251866093197094,-0.02796930994260627
766,5.281583080833389,-0.5906621310380388
767,-0.06937690991136591,0.0382509002819591
768,2.102943160355366,0.02692254001987493
769,3.7479440118579923,0.1552279888935988
770,9.81074896338438,0.17794719476728615
771,1.4902435762867814,0.3514637931827904
772,1.7457380773776485,0.2785103593438094
773,8.480339194548058,0.17522950485825328
774,6.108055034055958,0.2350109503689244
775,0.17160534286436402,0.13246395063138117
776,-0.817824374852453,0.26939301124517545
777,1.0285788512478007,0.11885581893664332
778,1.0468885986804253,0.007682314436898707
779,0.11088221220698458,-0.48754447554169755
780,4.439203814627909,0.14700549066870927
781,-2.263716197867412,0.4388907050847153
782,-0.6740046279500085,0.22606331269029445
783,7.489404776688186,0.3056868792097849
784,-3.175283087646152,0.30648360021694443
785,-1.0498603502082382,0.05577852507731129
786,-4.383051534722592,0.16747695425556808
787,4.230254039871461,0.30276208220925405
788,0.2701455945065163,-0.008471555724247293
789,1.3189164382981673,0.43262048392682684
790,1.3863642357369947,0.014533162736313665
791,-1.855358325184758,-0.5477759300381098
792,2.5342807036334847,-0.173929819804171
793,1.2645210323760114,0.15656852849096237
794,-2.245213002957108,-0.13490662283815447
795,1.6973198271134073,0.2651072332789046
796,6.232106050002521,0.3143501659746253
797,4.49794213098378,0.04415011796214352
798,3.1333480169121515,-0.017511680437390043
799,2.7282811211607694,0.22906347201342547
800,7.712134153571231,0.12659273930386705
801,1.014618355443151,0.20546523218395207
802,-5.9654596673556535,0.15974078679488923
803,4.430738070760096,0.07910417448590268
804,0.8217859131046374,0.0817582424015384
805,1.482942926879268,0.417060799077952
806,2.138885211581197,0.26090352548309914
807,-2.0501222107757897,0.06325527442088297
808,-1.6556440106748695,-0.0841074648691933
809,9.670061878200922,0.3129007457193125
810,6.280985537082412,0.25516819466396745
811,0.2538600621592568,-0.050990275829242204
812,4.577386752669206,0.16563971061044636
813,2.3089517674944844,0.17240805746608534
814,3.3948999937484565,0.28160481046294583
815,-8.686043273587089,0.1263658612113836
816,-4.468811933073333,0.13542875846228553
817,2.2685021073799483,-0.6047961170393332
818,3.514334578289077,0.3183859771876274
819,0.995302913031729,0.043449641252691684
820,2.9225571001093034,-0.20816635054207533
821,3.586619825019948,-0.1791383900659641
822,6.873344621259388,0.369739625293277
823,-2.520895245730422,0.16874043355521762
824,1.9747236811647504,-0.4790228915800181
825,2.0497429816712227,-0.17315335771720297
826,1.3966672136973948,0.22482744107041341
827,3.2962536274334706,-0.05080543688825978
828,1.7213957813167866,0.5145355304295562
829,0.01767015011628459,0.8564674591958743
830,6.81779622253034,0.20174962952591136
831,-1.142749928594668,0.09100014985629667
832,-1.37563077624697,-0.029325201462837125
833,3.651355350045428,-0.11388093191802129
834,-2.5134582173767406,-0.10520086242137305
835,6.281185967741504,0.07009145557657326
836,-1.6311935497120835,0.09619517374732722
837,11.201131078331706,0.2864078714471101
838,2.295033902983292,-0.18661336612952728
839,0.617652180804015,0.1361874233668372
840,-8.704665574726395,0.039041741210164016
841,1.913895651866941,0.12295150785280629
842,3.1392111511410903,0.07453988254421362
843,2.791330205420131,0.07480851574467517
844,2.563752797912283,-0.12855233853309334
845,4.756537779746026,0.27066649286517563
846,6.992803115205291,-0.2002286013175988
847,-2.752353812449675,0.07899069361942401
848,3.750031790889544,0.31165343477029794
849,0.9082333143462407,0.1954827617425896
850,2.0646701332877377,0.2925860258655373
851,-3.3298319442967923,0.07015420867201039
852,4.167224206953179,0.09155974473495321
853,-1.1428125504615245,0.07119908202268155
854,-4.191302029824226,0.10758299393087212
855,0.1220496036196117,0.06477758236767728
856,2.6532451527813805,0.06730038934833416
857,2.5889129971493308,0.43379723934854586
858,-5.883222098919651,0.4616441239203024
859,-0.8389582867144263,-0.05292825467149753
860,1.4852508870920396,-0.11100818807625312
861,3.776594942372597,0.1529993601802464
862,0.6478544958889874,-0.03222620796093123
863,3.554406468011205,-0.3677599205334189
864,-4.098408541990868,-0.17546747201667234
865,1.2173252864132955,0.46008322435420457
866,-6.79315258361745,0.0022147947344961505
867,5.5921751577217265,-0.13453366714723414
868,-2.6548785856730497,0.22696213150465172
869,3.42870226958507,-0.4431914661606081
870,2.7746858805041104,0.12222936659493966
871,0.6598207966622276,0.17794883869061695
872,0.3576141901318781,-0.197706143841337
873,5.335852794475549,0.2875313224247176
874,1.521615800736594,0.3691155037359868
875,-11.434031782450992,0.5982040560064779
876,2.2480319738067838,0.4625379392301676
877,-0.2195488769667744,-0.22695574162223875
878,0.8402008671952821,-0.16179652069170536
879,1.9933658354998016,0.2782833391196773
880,-0.893260569573533,0.044455489762411204
881,2.695169386302396,0.7400046547286907
882,-4.650439873652648,-0.22726451504230916
883,-5.373512752068427,0.07828671970772172
884,0.7079952330914221,0.694281108811365
885,-1.342671294208234,0.25310948681418677
886,0.7891239344413332,0.9038450082020784
887,4.757229817846756,0.331636678449569
888,4.03011621310986,0.31686846464499174
889,-5.677310585853944,-0.03952595917398727
890,-3.8022444760289,0.10323613251599695
891,8.53589743330198,0.04291441926815809
892,3.36518895780517,0.8541654309442488
893,3.7910353955160296,0.056969577450578734
894,4.372115194919338,0.27279536877909005
895,5.703891819610824,0.16080795006594362
896,4.053133769515156,-0.1440741288914258
897,2.263964968660316,0.5037466758532589
898,2.655571486236802,0.013041976661382737
899,-0.6986669514932657,0.4320862414711988
900,0.5390862666837819,-0.010366374789406718
901,0.6431774893885667,0.15463150950591142
902,2.2222002501744313,-0.09085266256512314
903,3.060543838402369,0.4869902214080206
904,1.7330669662535918,0.08862067264679463
905,1.937978200184702,0.4759684800662387
906,9.87292480258343,0.27031472407248214
907,-5.1339383157193215,0.01612218804895771
908,-0.7876377885677073,0.09924102982493865
909,9.386218304774285,0.20581216304886896
910,4.923749018645079,0.2195096556747964
911,5.679600875210273,-0.023006243923086034
912,1.1182420028261255,-0.1653089410507238
913,6.288003447592082,0.1925659188110862
914,1.1740702526546194,-0.0193440263680299
915,-0.29705974279917235,-0.24861770525450322
916,0.7207586096626386,0.03987840414482813
917,3.71270222287861,0.3583616431911405
918,-5.372508040867444,-0.07491825530571983
919,2.0825422183593503,0.12999551996729064
920,2.1736076696408766,-0.04044292678933836
921,3.0529037609997296,0.650172382534077
922,4.258277564735458,0.2664907110895942
923,0.9326440619512582,0.708079964641855
924,1.3203024852550502,-0.13539612070886542
925,2.809514385068221,1.0034976760080276
926,1.5433166097008506,-0.20526409550816438
927,-0.8866577149281518,0.484045246090671
928,2.0276387762717256,0.07629366818720595
929,-5.655222047997207,-0.04011621533219123
930,7.56835521239617,-0.7124756829030032
931,1.9595305988041822,0.5732164427515147
932,-2.1961362231091073,-0.44489925669838293
933,1.4901236612419346,0.3547690268311683
934,4.194913380363104,0.10816393584373207
935,-1.1665004406687043,0.02828755956325546
936,1.3213621850474233,-0.15991884289971292
937,-0.4924779610189809,0.14725173115500367
938,1.0217101533926574,0.1311550511001116
939,-4.218794733358058,0.04118403437906304
940,-1.51145879989949,0.3072000150996659
941,4.633285776836946,0.20099934201858116
942,-0.6661738742931504,-0.4086514520750396
943,-0.94256687434223,-0.42873739659922494
944,-3.0574849347712068,0.003072595341586437
945,2.5864219438892704,0.37738813118313597
946,0.9037494874692626,-0.5245536970462406
947,3.5437106943571592,-0.07193935595705869
948,-2.686435903636765,-0.33506958848647905
949,8.255455858824448,0.5910521985324639
950,3.3152166777609366,0.7510343255644036
951,3.1025205805163605,-0.6775980694813148
952,2.248767256165145,0.05198234256436085
953,-1.9940907601869107,0.07400498404143963
954,3.2274622631743686,0.25043732164726773
955,-0.33251921104275795,0.04917379370862873
956,-1.907735112466911,-0.05252815561807744
957,2.046062903767236,-0.04224024784106495
958,0.496996938803413,0.009008836500822515
959,5.664733309916304,0.038997804695476423
960,7.903432997378438,0.04293185868129057
961,4.147288969124418,0.3743048814445147
962,6.928747873190705,0.8764457391649025
963,4.856397566884933,0.27983095145994574
964,-9.28244085891777,-0.0756894695727991
965,-0.2633780845863356,0.3673090046920908
966,-7.487679217368434,0.08069330852125622
967,0.5107348046324205,-0.13099758883574486
968,2.2115121347300466,-0.06535978836081868
969,0.2299904288158654,-0.038152016885237616
970,2.158352659230143,-0.4709166820182923
971,1.6283645423111022,0.07627360177568465
972,5.911201675572535,0.2879180237265442
973,2.0335366755722006,0.0013362360700168718
974,1.354466549310299,0.2412611154579627
975,6.019826953404344,0.1948603365733632
976,-2.9612130167473545,0.08860614468276351
977,-6.006519252209885,0.05986134335774396
978,-0.7352279417120506,0.2548683129925462
979,2.726820483229819,-0.2531996734347046
980,-8.381241724045083,0.08901097153761328
981,1.5851381248641658,-0.24790531604612864
982,4.384214670370518,0.2786284891414734
983,5.997825933655008,0.35187067427886864
984,5.073796347954868,0.3170194340647483
985,0.4523670733985483,-0.37883628484895415
986,0.9085398782722827,0.36990526299804216
987,0.34378308280551195,-0.2804468184961164
988,-0.7739790552405168,0.30247422187621553
989,3.869659007481653,0.05306250404073576
990,4.079456991551613,0.052942392618352985
991,-0.7777085918114217,-0.11012165387138706
992,2.4101311951380175,-0.8393398373095335
993,-3.707109177445819,0.010462700503799605
994,2.1395591611566935,-0.03470247824233197
995,1.4715213512182395,0.7840426294447842
996,4.216145859988835,0.29402217332530967
997,0.18423082652552125,0.5059183031945593
998,0.5438909101284821,-0.08852010346055061
999,1.6357407636920342,0.1613214926149409
1000,2.8729471713826147,-0.1081160657031548
1001,0.4446640310641534,0.44407141317222987
1002,-10.26317197326442,0.11496563092581935
1003,8.803493005018861,0.3490915407687998
1004,2.67190704041149,0.011642091239718377
1005,-1.171735615005204,0.15167044838302313
1006,0.9224750410728575,0.16172107478288833
1007,7.1144180456950785,-0.054926098003982626
1008,6.0967022780866955,-0.03146449359689785
1009,7.104483109444203,0.1562777027615483
1010,2.4179584317732914,0.6873815356383617
1011,5.624272476387773,0.022467531932156337
1012,1.284738891140897,0.2188119396217849
1013,-1.4073772877268294,0.014620114440175191
1014,1.9207622314805946,0.390580905104434
1015,9.70793124923965,-0.11474070568714934
1016,-9.693339215287594,-0.03134644468233849
1017,-3.78073273283324,0.1565472916423165
1018,-1.3487058397154392,0.12223014663283416
1019,4.161107804450701,-0.30874048911322827
1020,-1.0021999121716902,0.18693260592792593
1021,-0.22438345803227833,0.007492338010665955
1022,1.523302350522112,0.041986764734565085
1023,5.867081904531382,0.33709528276959033
1024,2.857571722971887,-0.06328318132677246
1025,0.3788104879961818,0.32251661208673377
1026,-3.285311522461365,-0.4157488380166955
1027,3.086839091836044,0.20792093050866955
1028,-1.2801190491038046,0.034039824263657925
1029,-5.364659523699984,-0.282849515022336
1030,2.7602745230186336,0.14770358705420406
1031,-0.14500840468755882,-0.003700371580710793
1032,0.73642026537226,0.3575549411173786
1033,1.4581994971165813,0.1457905052948938
1034,0.39721851510678796,0.9690725015960535
1035,2.7977824047560578,0.0037867542150804567
1036,3.1016700264023083,0.24126053186576168
1037,-0.4218015116646736,0.02667021421837168
1038,3.2104095459269892,-0.22757966075652625
1039,-3.9105647774231898,0.14742381300846263
1040,1.4031301426928504,0.05589635772459922
1041,1.7875339015775875,-0.33109508316539493
1042,2.0765218933933696,0.22600488183948086
1043,3.543942609173868,0.7188528814392445
1044,6.18819780659036,1.0059394400084547
1045,-0.15352426973758426,0.16214861208325582
1046,1.6143117525025712,-0.19251104688570697
1047,0.8046738699586129,-0.2235512623057041
1048,1.9181994510873306,0.3477977266499328
1049,3.107259664663161,0.2762440075493049
1050,-1.1943998024864158,0.2077404058075143
1051,2.4003577057722527,0.4267264046061381
1052,4.626203267125845,-0.37608277593988093
1053,-1.7688497886861736,0.759673237999765
1054,3.4920208334438954,0.07702549988143392
1055,-0.2721165345268126,-0.31115616493955733
1056,1.5100137837562855,-0.11523930697260543
1057,-0.23169713007728632,-0.07764242602038951
1058,-2.3323868574499986,0.06255933105934486
1059,-1.2865871563680908,0.2938025652836509
1060,0.7573284309404436,0.04182320548897511
1061,2.041170317207829,0.12655518118286713
1062,1.2087407443016502,-0.01133061262771684
1063,-1.3515757729786024,-0.04722005914524485
1064,2.093783880174307,0.35702577016028547
1065,0.0807536870679968,0.30388135587963383
1066,4.638489722535468,-0.11835831589411583
1067,1.450402724918348,-0.16949916595433678
1068,0.9660082175911633,0.14291936001683858
1069,0.7004049711960203,0.08415873223677472
1070,0.32904268580343654,0.09090928329549564
1071,1.7062468517697784,-0.019639102562893473
1072,1.5908505817071834,0.04075453491897241
1073,1.1894238365352852,0.033902613781127355
1074,-0.4708382940123812,-0.2529412287874001
1075,-0.6632321072269889,-0.3091116473782892
1076,0.5500151569237008,0.3175959078817723
1077,2.810098147715152,0.5080928031779406
1078,1.64581594779294,-0.11673939259043586
1079,2.1420875840659193,0.02558979246141546
1080,1.6153350137830955,0.2731980349376548
1081,2.7906892595088113,0.3812964677400128
1082,-0.18167857508469076,0.17494124601707317
1083,3.3959766837432817,0.24513299353536033
1084,0.5451862573062307,0.1379005945043874
1085,-5.302117152010476,0.05505447343343528
1086,2.1168434799247855,0.34234041420823047
1087,-1.284098079052514,0.11855525395737887
1088,5.850804550159328,-0.05531126744041792
1089,0.2161076475541286,-0.21677737177825362
1090,9.071267976013008,-0.32577964855537767
1091,4.897009817092581,0.2598346723346734
1092,1.3222897297363332,0.43767862320052386
1093,-1.0021875094193664,0.5606641143210882
1094,0.5929275796804276,-0.008499431150518655
1095,4.88463626499885,0.39418436835338966
1096,0.09159270841918499,0.22291988145469221
1097,-4.8454549162152025,-0.12819659296377572
1098,1.4788413815667916,-0.2533748341381221
1099,4.30200770477888,-0.11718353770680057
1100,-11.819829208200023,-0.2773125211416583
1101,1.5706798469146293,0.1302794109413341
1102,5.257725086207092,0.16838309007320973
1103,-2.7635363680510974,-0.5094065078905512
1104,1.4956400802730396,0.25396644456063067
1105,2.3704734551420117,0.9094498600529259
1106,3.825450231128764,0.32992302069819224
1107,-1.9447745800233562,0.3464010325133613
1108,1.243393953834918,0.2252566973280199
1109,-2.669082699337917,-0.5855775333594753
